ticker,uniscoreavg,bachelors,masters,mba,phd,internal_promotion,tenure,founder,is_co_ceo
A,18.5,True,True,False,False,True,0.0,False,False
AA,50.343121693121695,True,True,False,False,True,1.0,False,False
AAL,65.37619047619047,True,False,True,False,True,2.0,False,False
AAN,54.71785714285714,True,False,True,False,False,4.0,False,False
AAON,,False,False,False,False,True,0.0,False,False
AAP,54.84404761904762,True,False,True,False,False,1.0,False,False
AAPL,55.49325396825397,True,False,True,False,True,13.0,False,False
AAT,38.09444444444445,True,False,False,False,True,3.0,False,False
ABBV,,False,False,False,False,False,11.0,False,False
ABCB,42.182539682539684,True,False,False,False,False,5.0,False,False
ABG,,False,False,False,False,True,6.0,False,False
ABM,30.450000000000003,True,False,True,False,True,9.0,False,False
ABNB,35.449999999999996,True,False,False,False,False,4.0,False,False
ABR,38.69166666666666,True,False,False,False,True,1.0,False,False
ABT,69.21071428571429,True,False,True,False,True,3.0,False,False
ACA,50.73973214285714,True,False,True,False,False,6.0,False,False
ACGL,64.87896825396825,True,False,True,False,True,3.0,False,False
ACHC,47.8353835978836,True,False,True,False,False,2.0,False,False
ACIW,44.691798941798936,True,True,False,False,True,1.0,False,False
ACLS,60.89550264550265,True,False,True,True,True,1.0,False,False
ACM,38.57589285714286,True,True,False,False,True,4.0,False,False
ACN,67.63928571428572,True,False,False,True,True,2.0,False,False
ADBE,46.55922619047619,True,True,True,False,True,7.0,False,False
ADC,60.43809523809524,True,False,False,True,True,11.0,False,False
ADEA,52.885714285714286,True,True,False,True,True,2.0,False,False
ADI,32.43333333333333,True,False,False,False,True,2.0,False,False
ADM,16.2,True,False,False,False,True,8.0,False,False
ADNT,47.99761904761905,True,False,True,False,True,0.0,False,False
ADP,58.35,True,False,False,False,True,1.0,False,False
ADSK,48.27916666666667,True,True,False,False,True,0.0,False,True
ADTN,28.772222222222222,True,False,False,False,True,2.0,False,False
ADUS,33.79424242424242,True,True,True,False,True,3.0,False,False
AEE,48.46785714285715,True,True,True,False,True,1.0,False,False
AEIS,55.838392857142864,True,False,False,True,False,3.0,False,False
AEL,23.325000000000003,True,False,True,False,False,4.0,False,False
AEO,,False,False,False,False,True,1.0,False,True
AEP,50.989285714285714,True,True,False,False,True,0.0,False,False
AES,33.52193732193732,True,True,False,True,True,13.0,False,False
AFG,41.542857142857144,True,False,False,False,True,1.0,False,True
AFL,37.37777777777777,True,False,False,False,False,1.0,False,False
AGCO,63.588186813186816,True,True,True,False,True,3.0,False,False
AGO,36.81666666666667,True,True,True,False,False,21.0,False,False
AGTI,30.450000000000003,True,False,True,False,True,0.0,False,False
AGYS,62.89821428571429,True,True,True,False,False,7.0,False,False
AHCO,82.21428571428571,True,False,False,False,False,0.0,False,True
AHH,,False,False,False,False,False,6.0,False,False
AIG,48.9436507936508,True,False,True,False,True,2.0,False,False
AIN,36.399537037037035,True,False,True,False,False,1.0,False,False
AIR,66.99478021978021,True,False,True,False,True,1.0,False,False
AIRC,94.02142857142857,True,False,False,True,False,4.0,False,False
AIT,43.83333333333333,True,False,True,False,False,2.0,False,False
AIZ,42.534615384615385,True,False,False,False,True,2.0,False,False
AJG,76.33571428571429,True,False,False,False,True,0.0,False,False
AKAM,93.12142857142857,True,False,False,True,True,11.0,False,False
AKR,,False,False,False,False,True,1.0,False,False
ALB,75.9857142857143,True,False,True,False,True,4.0,False,False
ALE,63.375,True,False,False,True,True,3.0,False,False
ALEX,88.55714285714285,True,False,True,False,True,0.0,False,False
ALG,60.278571428571425,True,False,False,False,True,3.0,False,False
ALGM,42.9515873015873,True,True,True,False,False,2.0,False,False
ALGN,17.0625,True,False,True,False,False,9.0,False,False
ALGT,30.075000000000003,True,True,False,False,True,0.0,False,False
ALK,54.97380952380953,True,True,False,False,True,3.0,False,False
ALKS,94.35000000000001,True,False,False,False,False,13.0,False,False
ALL,82.08928571428572,True,False,True,False,True,3.0,False,False
ALLE,54.84404761904762,True,False,True,False,False,2.0,False,False
ALLY,38.21111111111111,True,False,True,False,True,0.0,False,False
ALRM,58.542857142857144,True,False,False,False,False,1.0,False,False
ALV,53.38333333333333,True,False,False,False,True,6.0,False,False
AM,40.05833333333334,True,True,False,False,False,4.0,False,False
AMAT,32.28333333333333,True,False,True,False,True,11.0,False,False
AMBC,33.949305555555554,True,True,True,False,False,7.0,False,False
AMCR,94.02142857142857,True,False,True,False,True,9.0,False,False
AMCX,22.700000000000003,True,True,False,False,True,1.0,False,False
AMD,93.76428571428572,True,True,False,True,True,2.0,False,False
AME,37.17,False,True,False,False,True,3.0,False,False
AMED,45.13055555555555,True,False,True,False,False,1.0,False,False
AMG,76.43214285714285,True,True,False,True,True,0.0,False,False
AMGN,64.83571428571429,True,False,True,False,True,11.0,False,False
AMKR,52.325,True,False,False,False,True,4.0,False,False
AMN,68.33928571428572,True,False,True,False,False,2.0,False,False
AMP,61.04047619047619,True,True,True,False,False,19.0,False,False
AMPH,30.450000000000003,False,False,False,True,False,6.0,False,False
AMR,27.090476190476192,True,False,True,True,True,0.0,False,True
AMSF,17.925,True,False,False,False,True,9.0,False,False
AMT,32.74166666666667,True,False,False,True,True,0.0,False,False
AMWD,56.96031746031746,True,False,True,False,True,4.0,False,False
AMZN,94.02142857142857,True,False,True,False,True,3.0,False,False
AN,21.85,True,False,False,False,False,3.0,False,True
ANDE,94.35000000000001,True,True,False,False,False,9.0,False,False
ANET,23.105555555555554,True,True,False,False,False,1.0,False,False
ANF,32.675,True,False,True,False,True,7.0,False,False
ANGO,30.450000000000003,True,False,False,False,False,8.0,False,False
ANIK,78.96208791208791,True,True,False,True,True,0.0,False,False
ANIP,,True,False,False,False,True,0.0,False,False
ANSS,60.32178571428572,True,True,False,True,True,7.0,False,False
AON,60.98849206349206,True,False,True,False,False,6.0,False,False
AORT,48.37619047619048,True,False,True,False,False,9.0,False,False
AOS,17.925,True,False,False,False,True,0.0,False,False
AOSL,,False,False,False,False,True,1.0,False,False
APA,44.064646464646465,True,False,True,False,True,0.0,False,False
APAM,45.55357142857143,True,False,False,False,False,3.0,False,False
APD,65.54166666666667,True,True,False,False,True,10.0,False,False
APH,56.37857142857143,True,False,True,True,True,15.0,False,False
APLE,24.1875,True,False,True,False,False,4.0,False,False
APOG,58.73214285714286,True,False,True,False,False,3.0,False,False
APPS,61.128571428571426,True,False,True,False,True,10.0,False,False
APTV,60.035714285714285,True,False,True,False,True,2.0,False,False
AR,49.95846560846561,True,True,False,False,False,2.0,False,False
ARCB,34.54166666666667,True,False,False,False,True,8.0,False,False
ARE,86.82142857142857,True,False,False,False,True,0.0,False,True
ARI,30.450000000000003,True,True,True,False,True,11.0,False,False
ARLO,86.33571428571429,True,False,False,False,False,6.0,False,False
ARMK,55.167857142857144,True,False,True,False,False,5.0,False,False
AROC,57.19642857142857,True,False,False,True,True,0.0,False,False
ARR,45.38333333333334,True,False,True,False,False,3.0,False,True
ARW,61.42785714285714,True,False,True,False,True,2.0,False,False
ARWR,63.855952380952374,True,True,False,True,False,17.0,False,False
ASB,29.972619047619048,True,False,True,False,False,3.0,False,False
ASGN,39.400925925925925,True,True,True,False,True,3.0,False,False
ASH,59.33392857142857,True,False,True,False,True,5.0,False,False
ASIX,59.61626984126984,True,False,False,False,False,8.0,False,False
ASO,56.517857142857146,True,False,False,False,True,1.0,False,False
ASTE,25.26222222222222,True,True,True,False,True,1.0,False,False
ATEN,48.84330357142857,True,True,True,True,False,4.0,False,False
ATGE,90.85714285714286,True,False,True,False,False,2.0,False,True
ATI,,False,False,False,False,True,1.0,False,False
ATNI,67.21980519480519,True,False,False,True,False,10.0,False,True
ATO,37.214285714285715,True,False,False,False,True,5.0,False,False
ATR,57.73285714285714,True,False,True,False,False,7.0,False,False
AUB,37.13888888888889,True,False,True,False,True,7.0,False,False
AVA,40.13333333333333,True,False,False,False,True,1.0,False,False
AVAV,60.17857142857143,True,False,False,False,True,3.0,False,False
AVB,64.83571428571429,True,False,True,False,True,2.0,False,False
AVD,75.32142857142857,True,False,False,False,True,13.0,False,False
AVGO,93.85000000000001,True,True,True,False,False,15.0,False,False
AVID,,False,False,False,False,True,5.0,False,False
AVNS,30.450000000000003,True,False,False,False,False,7.0,False,False
AVNT,47.60071428571429,True,False,False,True,False,1.0,False,False
AVT,67.38214285714287,True,True,False,False,True,1.0,False,False
AVTA,65.60535714285714,True,False,True,False,True,3.0,False,False
AVY,51.03769841269841,True,False,True,False,True,1.0,False,False
AWI,46.21111111111111,True,False,False,False,False,8.0,False,False
AWK,40.721428571428575,True,True,False,False,True,1.0,False,False
AWR,31.802083333333336,True,True,True,False,True,15.0,False,False
AX,64.61607142857143,True,True,True,True,False,17.0,False,False
AXL,57.300000000000004,True,False,False,False,False,4.0,False,False
AXON,71.23571428571428,True,True,True,False,False,31.0,False,False
AXP,37.73939393939394,True,False,True,False,True,6.0,False,False
AXTA,61.58571428571429,True,False,False,False,False,1.0,False,False
AYI,74.80714285714285,True,False,True,False,False,3.0,False,False
AZO,,False,False,False,False,True,1.0,False,False
AZPN,35.134375,True,False,True,False,True,11.0,False,False
AZTA,34.64642857142857,True,True,True,True,True,3.0,False,False
AZZ,59.57142857142857,True,True,False,False,False,11.0,False,False
B,37.43839285714286,True,True,True,False,True,2.0,False,False
BA,43.82777777777778,True,False,False,False,True,4.0,False,False
BAC,62.537499999999994,True,False,False,True,True,10.0,False,False
BALL,56.64017857142857,True,False,True,False,True,0.0,False,False
BANC,51.41388888888889,True,True,False,False,True,0.0,False,True
BANF,38.95,True,False,True,False,True,0.0,False,False
BANR,35.29166666666667,True,True,False,False,False,0.0,False,False
BAX,16.2,True,False,False,False,True,8.0,False,False
BBWI,38.30119047619048,True,True,False,False,False,2.0,False,False
BBY,30.450000000000003,True,False,False,False,True,5.0,False,False
BC,77.14047619047618,True,True,False,False,True,5.0,False,False
BCC,40.45714285714286,True,True,False,False,False,3.0,False,False
BCO,58.712362637362645,True,False,True,False,True,2.0,False,False
BCPC,62.513492063492066,True,False,True,False,False,7.0,False,False
BDC,42.88148148148148,True,False,True,True,True,1.0,False,False
BDN,40.77194444444444,True,False,True,False,False,1.0,False,False
BDX,33.82777777777778,True,False,False,False,False,0.0,False,False
BEN,38.330555555555556,True,True,False,False,True,1.0,False,True
BERY,65.82142857142857,True,True,False,False,False,1.0,False,False
BF.B,53.05952380952381,True,False,True,False,True,0.0,False,False
BFH,,False,False,False,False,False,4.0,False,False
BFS,24.1875,True,False,False,True,False,31.0,False,False
BG,73.77142857142857,True,False,False,False,True,0.0,False,False
BGS,85.17857142857143,True,False,True,False,False,3.0,False,False
BHE,35.34131054131054,True,True,False,False,False,5.0,False,False
BHF,40.0,True,False,False,False,False,7.0,False,False
BHLB,20.0375,True,False,True,False,False,3.0,False,False
BIG,28.604761904761904,True,False,True,False,False,6.0,False,False
BIIB,34.93,True,True,False,False,False,2.0,False,False
BIO,11.35,True,False,False,False,True,12.0,False,False
BJ,34.825,True,False,False,False,True,1.0,False,False
BJRI,34.150000000000006,True,True,False,False,True,2.0,False,True
BK,,False,False,False,False,False,2.0,False,False
BKE,38.21111111111111,True,False,False,False,True,27.0,False,False
BKH,38.330555555555556,True,False,False,True,True,5.0,False,False
BKNG,50.06071428571429,True,False,False,True,True,0.0,False,True
BKR,54.27777777777778,True,False,False,False,False,7.0,False,False
BKU,54.64357142857142,True,False,True,False,True,5.0,False,False
BLD,25.65,True,False,True,False,True,3.0,False,False
BLDR,69.3,True,False,False,False,True,0.0,False,False
BLFS,19.724999999999998,True,False,True,False,True,1.0,False,False
BLK,50.88076923076923,True,False,False,False,False,1.0,False,True
BLKB,22.61,True,False,True,True,False,9.0,False,False
BLMN,33.05,True,False,True,False,True,5.0,False,False
BMI,53.76068376068376,True,False,True,False,True,4.0,False,False
BMY,83.27857142857142,True,True,False,True,True,1.0,False,False
BOH,75.23571428571428,True,True,True,False,True,14.0,False,False
BOOM,66.33571428571429,True,False,True,False,True,0.0,False,True
BOOT,80.12857142857143,True,False,False,False,False,10.0,False,False
BR,,False,False,False,False,False,0.0,False,False
BRBR,66.42142857142858,True,True,True,False,False,5.0,False,False
BRK.B,70.42513227513227,True,True,False,False,True,54.0,False,False
BRKL,48.550000000000004,True,False,True,False,True,3.0,False,False
BRKR,93.9357142857143,True,True,False,True,False,21.0,False,False
BRO,39.888532763532766,True,True,False,False,True,0.0,False,False
BRX,27.944444444444443,True,False,False,True,False,1.0,False,False
BSIG,50.2015873015873,True,True,True,False,True,4.0,False,False
BSX,45.64381868131868,True,False,True,False,True,8.0,False,False
BURL,90.74642857142857,True,False,True,False,False,5.0,False,False
BWA,55.83047619047619,True,True,True,False,True,6.0,False,False
BWXT,46.99074074074074,True,False,False,False,True,7.0,False,False
BXMT,94.02142857142857,True,False,False,False,True,3.0,False,False
BXP,60.98293650793651,True,False,True,False,False,9.0,False,False
BYD,45.24285714285715,True,True,False,False,True,4.0,False,False
C,76.33571428571429,True,False,False,False,False,2.0,False,True
CABO,56.838095238095235,True,True,False,False,True,7.0,False,False
CACI,36.11833333333333,True,False,True,False,True,5.0,False,False
CADE,52.00192307692308,True,False,False,False,False,2.0,False,False
CAG,66.91620879120879,True,False,True,False,False,0.0,False,False
CAH,70.11428571428571,True,False,True,False,True,2.0,False,False
CAKE,34.11666666666667,True,False,False,False,True,22.0,False,False
CAL,,False,False,False,False,True,1.0,False,False
CALM,29.22142857142857,True,False,False,False,True,1.0,False,False
CALX,34.8,True,False,False,False,True,2.0,False,False
CAR,41.769999999999996,True,False,False,False,True,0.0,False,False
CARA,50.06964285714285,True,False,True,False,True,3.0,False,False
CARG,58.832142857142856,True,False,True,False,True,3.0,False,False
CARR,69.73518518518519,True,False,True,True,False,3.0,False,False
CARS,35.65,True,False,False,False,False,2.0,False,False
CASH,40.5125,True,False,True,False,True,3.0,False,False
CASY,25.708333333333332,True,False,True,False,False,1.0,False,False
CAT,25.225,True,False,False,False,True,1.0,False,False
CATY,86.82142857142857,True,False,False,False,True,4.0,False,False
CB,,False,False,False,False,True,4.0,False,False
CBOE,45.7452380952381,True,True,False,False,True,1.0,False,False
CBRE,67.71428571428572,True,False,True,False,True,1.0,False,False
CBRL,16.883333333333336,True,False,False,False,False,0.0,False,False
CBSH,83.64761904761905,True,True,True,False,True,6.0,False,False
CBT,64.83571428571429,True,False,True,False,True,8.0,False,False
CBU,30.450000000000003,True,False,True,False,True,0.0,False,False
CC,,False,False,False,False,True,0.0,False,False
CCI,52.13035714285714,True,True,False,False,True,0.0,False,False
CCK,,False,False,False,False,True,2.0,False,False
CCL,45.39761904761905,True,False,True,False,True,9.0,False,False
CCOI,60.17857142857143,True,False,False,True,False,25.0,False,False
CCRN,46.21111111111111,True,False,False,False,True,2.0,False,False
CCS,42.24761904761905,True,True,False,True,False,10.0,False,True
CCSI,48.550000000000004,True,False,False,False,False,2.0,False,False
CDMO,43.06111111111111,True,False,True,False,False,4.0,False,False
CDNS,63.28142857142856,True,True,False,True,True,3.0,False,False
CDP,66.99478021978021,True,False,True,False,True,8.0,False,False
CDW,69.81964285714287,True,True,False,True,True,1.0,False,False
CE,44.746428571428574,True,False,False,False,True,1.0,False,True
CEG,25.429166666666667,True,False,False,False,False,2.0,False,False
CEIX,16.45,True,False,False,False,False,7.0,False,False
CELH,41.78333333333333,True,True,False,False,False,1.0,False,False
CENT,64.83571428571429,True,False,True,False,True,1.0,False,False
CENX,86.89642857142857,True,False,False,True,True,3.0,False,False
CERT,91.86250000000001,True,False,True,True,False,4.0,False,False
CEVA,58.63906593406594,True,True,True,False,False,1.0,False,False
CF,51.832142857142856,True,False,True,False,True,0.0,False,False
CFFN,43.01875,True,False,True,False,True,15.0,False,False
CFG,44.111309523809524,True,True,True,False,False,10.0,False,False
CFR,52.00192307692308,True,True,False,False,True,8.0,False,False
CG,44.496428571428574,True,False,True,False,False,6.0,False,True
CGNX,43.24107142857142,True,False,True,False,True,13.0,False,False
CHCO,43.939682539682536,True,True,False,True,True,19.0,False,False
CHCT,58.55928571428571,True,False,True,False,True,0.0,False,False
CHD,33.05,True,True,False,False,True,5.0,False,False
CHDN,88.30000000000001,True,False,False,True,True,10.0,False,False
CHE,63.06904761904762,True,False,False,True,True,23.0,False,False
CHEF,16.2,True,False,False,False,False,13.0,False,False
CHH,81.65,True,False,True,False,True,7.0,False,False
CHK,51.52337662337662,True,False,True,False,False,0.0,False,False
CHRD,48.292857142857144,True,True,True,False,False,1.0,False,False
CHRS,47.74285714285714,True,False,True,False,False,10.0,False,False
CHRW,64.81785714285715,True,False,True,False,True,0.0,False,False
CHS,20.2375,True,False,False,False,False,2.0,False,False
CHTR,55.74615384615385,True,False,True,False,True,2.0,False,False
CHUY,,False,False,False,False,False,6.0,False,False
CHX,33.221666666666664,True,True,False,False,False,6.0,False,False
CI,35.64652777777778,True,True,True,False,True,2.0,False,False
CIEN,27.466666666666665,True,False,True,False,True,23.0,False,False
CINF,30.450000000000003,True,True,False,False,True,2.0,False,False
CIVI,57.21428571428571,True,False,True,False,False,2.0,False,False
CL,53.3,True,False,False,False,True,4.0,False,False
CLB,35.75,False,True,False,False,True,1.0,False,False
CLDT,47.188717948717944,True,False,False,True,False,14.0,False,False
CLF,28.858333333333334,True,False,False,False,False,10.0,False,False
CLFD,38.330555555555556,True,True,False,False,True,17.0,False,False
CLH,81.08571428571429,True,False,True,False,False,2.0,False,True
CLW,60.16071428571429,True,False,True,False,True,4.0,False,False
CLX,94.02142857142857,True,False,False,False,True,4.0,False,False
CMA,44.676923076923075,True,False,True,False,True,4.0,False,False
CMC,82.21428571428571,True,False,False,False,True,1.0,False,True
CMCSA,86.33571428571429,True,False,False,False,True,2.0,False,False
CME,34.625,True,True,False,True,True,8.0,False,False
CMG,44.400000000000006,True,False,False,True,True,7.0,False,True
CMI,55.10714285714286,True,False,False,False,True,1.0,False,False
CMP,30.450000000000003,True,True,False,False,True,0.0,False,False
CMS,37.80416666666667,True,False,True,False,True,4.0,False,False
CMTL,35.449999999999996,True,False,False,False,True,0.0,False,False
CNC,43.89,True,False,False,False,False,3.0,False,False
CNK,83.92142857142858,True,False,False,False,True,2.0,False,False
CNM,20.664814814814815,True,True,True,False,False,3.0,False,False
CNMD,88.55714285714285,True,True,False,False,True,4.0,False,False
CNO,52.11071428571429,True,False,True,False,True,6.0,False,False
CNP,47.31410256410257,True,True,False,False,True,0.0,False,False
CNSL,57.047619047619044,True,False,True,False,True,9.0,False,False
CNX,33.097222222222214,True,True,True,True,True,10.0,False,False
CNXC,,False,False,False,False,False,4.0,False,False
CNXN,39.5,True,False,True,False,True,13.0,False,False
COF,62.400000000000006,True,False,True,False,True,1.0,False,False
COHR,66.0657142857143,True,True,False,True,True,2.0,False,False
COHU,47.58068783068783,True,True,False,True,True,10.0,False,False
COKE,75.75714285714285,True,False,False,False,True,28.0,False,False
COLB,41.846666666666664,True,False,False,False,True,4.0,False,False
COLL,42.78928571428571,True,False,True,False,True,6.0,False,False
COLM,39.449999999999996,True,False,False,False,True,2.0,False,False
COO,43.82777777777778,True,False,True,False,True,6.0,False,False
COOP,29.611111111111114,True,True,False,False,False,3.0,False,False
COP,31.558333333333334,True,False,False,False,True,12.0,False,False
COR,59.684285714285714,True,False,True,False,False,4.0,False,False
CORT,50.94285714285714,True,True,False,False,False,15.0,False,False
COST,48.550000000000004,True,False,False,False,True,0.0,False,False
COTY,69.06640211640212,True,True,True,True,True,0.0,False,False
CPB,15.666666666666666,True,False,False,False,False,5.0,False,False
CPE,81.33571428571429,True,False,True,False,True,7.0,False,False
CPF,62.76785714285714,True,False,False,False,True,1.0,False,False
CPK,,False,False,False,False,True,1.0,False,False
CPRI,,False,False,False,False,False,13.0,False,False
CPRT,,False,False,False,False,True,2.0,False,True
CPRX,68.80178571428571,True,False,True,False,True,0.0,False,False
CPT,33.22083333333333,True,False,False,False,False,31.0,False,False
CRC,45.199430199430196,True,False,True,False,True,1.0,False,False
CRI,34.8,True,False,False,False,True,1.0,False,False
CRK,31.521428571428572,True,True,False,True,True,11.0,False,False
CRL,65.31428571428572,True,True,False,True,True,0.0,False,False
CRM,80.55714285714285,True,True,False,False,True,2.0,False,True
CRMT,30.141666666666666,True,True,False,False,True,1.0,False,False
CRNC,57.642857142857146,True,False,False,True,True,3.0,False,False
CROX,89.96428571428571,True,False,False,False,True,4.0,False,False
CRS,46.39761904761905,True,True,True,False,True,9.0,False,False
CRSR,38.8,True,False,False,False,False,3.0,False,False
CRUS,59.93571428571429,True,False,False,False,True,3.0,False,False
CRVL,,False,False,False,False,True,5.0,False,False
CSCO,69.3,True,False,False,False,True,2.0,False,False
CSGP,92.47857142857143,True,False,False,False,True,29.0,False,False
CSGS,55.11071428571429,True,False,True,False,True,3.0,False,False
CSL,51.06071428571428,True,False,True,False,True,4.0,False,False
CSR,17.925,True,False,False,True,True,1.0,False,False
CSX,61.61071428571429,True,False,True,False,False,2.0,False,False
CTAS,16.883333333333336,True,False,False,False,True,3.0,False,False
CTKB,40.63783068783069,True,True,False,True,False,3.0,False,False
CTRA,41.91818181818182,True,True,False,False,False,1.0,False,False
CTRE,41.88392857142857,True,False,True,False,True,2.0,False,False
CTS,43.89,True,False,False,False,False,4.0,False,False
CTSH,37.105555555555554,True,True,True,False,False,1.0,False,False
CTVA,42.589930555555554,True,False,True,False,False,3.0,False,False
CUBE,39.5,True,False,False,False,True,10.0,False,False
CUBI,62.78928571428572,True,False,True,False,False,11.0,False,False
CUTR,35.65,True,False,False,False,True,0.0,False,False
CUZ,54.71785714285714,True,False,True,False,True,5.0,False,False
CVBF,62.598412698412695,True,False,False,False,True,1.0,False,False
CVCO,51.64047619047619,True,True,True,False,True,5.0,False,False
CVGW,,False,False,False,False,True,2.0,False,False
CVI,60.035714285714285,True,False,False,False,False,1.0,False,True
CVLT,50.06785714285714,True,False,True,False,False,5.0,False,False
CVS,48.50952380952381,True,True,True,False,True,3.0,False,False
CVX,58.35,True,False,False,False,True,6.0,False,False
CW,35.93888888888889,True,True,False,False,True,2.0,False,False
CWEN,50.99285714285714,True,False,False,False,True,8.0,False,False
CWK,32.208333333333336,True,False,True,False,True,1.0,False,False
CWT,24.75,True,True,False,False,True,1.0,False,False
CXT,68.97509157509158,True,True,False,True,False,1.0,False,False
CXW,35.65185185185185,True,False,True,False,True,15.0,False,False
CYH,39.99285714285714,True,False,True,False,True,3.0,False,False
CYTK,94.18571428571428,True,False,True,False,True,17.0,False,False
CZR,25.255555555555553,True,False,True,False,False,1.0,False,False
D,35.42195767195767,True,False,True,True,True,3.0,False,False
DAL,24.1875,True,True,False,False,True,8.0,False,False
DAN,42.67277777777778,True,False,True,False,False,3.0,False,False
DAR,27.955555555555556,True,False,False,False,False,21.0,False,False
DBI,31.385714285714283,True,False,False,False,True,1.0,False,False
DBX,93.76428571428572,True,False,False,False,False,6.0,False,False
DCI,42.93809523809524,True,False,True,False,True,7.0,False,False
DCOM,35.65,True,False,False,False,True,1.0,False,False
DD,51.98333333333333,True,False,False,False,True,2.0,False,False
DDD,50.15,True,True,False,True,False,4.0,False,False
DE,57.300000000000004,True,False,True,True,False,3.0,False,False
DEA,51.464285714285715,True,False,True,False,True,0.0,False,False
DECK,81.08571428571429,True,False,False,False,True,8.0,False,False
DEI,53.14285714285714,True,False,True,False,False,18.0,False,False
DFIN,75.05357142857143,True,False,True,False,False,8.0,False,False
DFS,84.275,True,False,True,False,False,0.0,False,False
DG,60.278571428571425,True,False,True,False,True,1.0,False,False
DGII,81.08571428571429,True,False,False,False,False,10.0,False,False
DGX,90.20714285714286,True,True,False,False,True,1.0,False,False
DHI,,False,False,False,False,True,1.0,False,False
DHR,61.21785714285714,True,True,False,False,True,4.0,False,False
DIN,81.33571428571429,True,False,True,False,False,3.0,False,False
DINO,73.55384615384615,True,False,False,False,True,1.0,False,False
DIOD,29.68703703703704,True,True,False,True,True,0.0,False,False
DIS,16.2,True,False,False,False,True,2.0,False,False
DKS,,False,False,False,False,True,3.0,False,False
DLB,38.330555555555556,True,True,False,False,True,15.0,False,False
DLR,44.676923076923075,True,False,False,False,True,1.0,False,False
DLTR,25.5,True,False,False,False,True,1.0,False,False
DLX,77.42857142857143,True,False,True,False,False,6.0,False,False
DNOW,,True,False,True,False,True,4.0,False,False
DOC,60.11428571428572,True,False,True,False,True,2.0,False,False
DOCS,51.26346153846154,True,False,True,False,False,3.0,False,False
DORM,34.8,True,False,False,False,True,5.0,False,False
DOUG,23.200000000000003,True,True,False,False,False,3.0,False,False
DOV,49.05357142857142,True,False,True,False,True,0.0,False,False
DOW,46.21111111111111,True,False,False,False,True,1.0,False,False
DPZ,80.12857142857143,True,False,True,False,True,2.0,False,False
DRH,47.81150793650794,True,False,False,True,True,5.0,False,False
DRI,33.824999999999996,True,False,True,False,True,2.0,False,False
DRQ,60.051282051282044,True,True,False,True,False,30.0,False,True
DT,94.35000000000001,True,False,True,False,False,3.0,False,False
DTE,32.36875,True,False,False,False,True,2.0,False,False
DTM,32.36875,True,False,True,False,False,3.0,False,False
DUK,16.883333333333336,True,False,False,False,True,8.0,False,False
DV,42.03192307692307,True,False,True,False,False,3.0,False,False
DVA,57.673809523809524,True,False,True,False,True,5.0,False,False
DVAX,70.83571428571429,True,False,False,False,True,5.0,False,False
DVN,32.861111111111114,True,False,False,False,False,3.0,False,False
DXC,60.17857142857143,True,False,False,False,True,1.0,False,False
DXCM,22.100000000000005,True,False,False,False,True,6.0,False,False
DXPE,,False,False,False,False,True,27.0,False,False
DY,,False,False,False,False,True,23.0,False,False
EA,,False,False,False,False,True,8.0,False,False
EAT,86.33571428571429,True,False,False,False,False,2.0,False,False
EBAY,61.464285714285715,True,False,True,False,True,4.0,False,False
EBS,53.0989417989418,True,False,True,False,False,0.0,False,False
ECL,30.450000000000003,True,False,False,False,True,2.0,False,False
ECPG,48.503756613756615,True,True,True,False,True,7.0,False,False
ED,46.267857142857146,True,False,True,False,True,2.0,False,False
EEFT,38.330555555555556,True,True,False,False,False,3.0,False,False
EFC,59.160714285714285,True,True,False,False,False,14.0,False,False
EFX,35.449999999999996,True,False,False,False,True,5.0,False,False
EG,71.43379120879122,True,True,False,False,True,4.0,False,False
EGBN,,False,False,False,False,True,0.0,False,False
EGHT,46.08214285714286,True,True,True,False,True,1.0,False,False
EGP,49.725,True,True,True,False,True,8.0,False,False
EGRX,23.325000000000003,True,False,True,False,False,4.0,False,False
EHAB,41.06388888888889,True,False,False,False,False,2.0,False,False
EHC,38.67261904761905,True,False,True,False,True,8.0,False,False
EIG,48.550000000000004,True,False,False,False,True,3.0,False,False
EIX,65.84285714285714,True,False,True,False,True,0.0,False,False
EL,30.450000000000003,True,False,False,False,True,15.0,False,False
ELF,82.21428571428571,True,False,True,False,False,3.0,False,False
ELME,26.52722222222222,True,False,True,False,False,6.0,False,False
ELS,,False,False,False,False,True,11.0,False,False
ELV,72.63571428571429,True,False,True,False,True,7.0,False,False
EMBC,26.767708333333335,True,True,True,True,False,2.0,False,False
EME,54.84404761904762,True,False,True,False,True,6.0,False,False
EMN,91.94642857142858,True,False,True,False,True,10.0,False,False
EMR,77.31428571428572,True,True,False,False,True,1.0,False,True
ENOV,60.98293650793651,True,False,True,False,False,1.0,False,False
ENPH,48.277142857142856,True,True,False,False,True,7.0,False,False
ENR,46.058928571428574,True,False,False,True,True,3.0,False,False
ENS,37.00192307692308,True,False,True,False,True,8.0,False,False
ENSG,26.275000000000002,True,False,True,False,True,5.0,False,False
ENTA,81.82142857142858,True,False,False,True,False,11.0,False,False
ENV,43.38303571428571,True,True,False,False,True,4.0,False,False
ENVA,77.42857142857143,True,True,False,True,False,10.0,False,False
EOG,35.351430976430976,True,True,True,False,True,1.0,False,False
EPAC,86.33571428571429,True,False,True,False,False,3.0,False,False
EPAM,24.9375,False,True,False,False,False,12.0,False,False
EPC,34.925,True,False,True,False,True,5.0,False,False
EPR,36.855982905982906,True,True,False,False,False,0.0,False,False
EPRT,23.058333333333334,True,False,True,False,False,6.0,False,False
EQH,30.450000000000003,False,True,False,False,False,6.0,False,False
EQIX,48.550000000000004,True,False,False,False,False,5.0,False,False
EQR,51.464285714285715,True,False,True,False,True,0.0,False,False
EQT,35.65,True,False,False,False,False,5.0,False,False
ES,48.550000000000004,True,False,False,False,True,2.0,False,False
ESAB,43.50099206349206,True,False,True,False,False,2.0,False,False
ESE,37.785714285714285,True,False,True,False,True,1.0,False,False
ESNT,61.2734126984127,True,False,True,False,False,11.0,False,False
ESS,81.08571428571429,True,False,True,False,True,1.0,False,False
ETD,56.605357142857144,True,False,True,False,True,36.0,False,False
ETN,24.1875,True,False,True,False,True,8.0,False,False
ETR,55.56428571428572,True,False,False,False,True,2.0,False,False
ETRN,30.725,True,False,False,False,True,0.0,False,False
ETSY,49.503571428571426,True,False,True,False,True,7.0,False,False
EVR,44.26746031746032,True,True,False,False,False,2.0,False,True
EVRG,71.77407407407408,True,True,False,True,False,3.0,False,False
EVTC,69.00714285714287,True,False,True,False,True,9.0,False,False
EW,45.45952380952381,True,True,False,False,True,4.0,False,False
EWBC,33.949999999999996,True,True,False,False,False,15.0,False,False
EXC,69.53846153846155,True,False,False,True,False,2.0,False,True
EXEL,80.51071428571429,True,False,False,True,True,14.0,False,False
EXLS,29.59,True,False,True,False,True,4.0,False,False
EXP,40.332142857142856,True,True,True,False,True,5.0,False,False
EXPD,34.925,False,True,False,False,True,10.0,False,False
EXPE,86.33571428571429,True,False,False,False,True,4.0,False,False
EXPI,38.63333333333333,True,False,False,False,False,5.0,False,False
EXPO,91.28809523809525,True,True,False,True,True,6.0,False,False
EXR,90.375,True,False,False,True,True,7.0,False,False
EXTR,62.44285714285715,True,False,True,False,True,0.0,False,False
EYE,94.02142857142857,True,False,False,False,False,7.0,False,False
F,71.20714285714286,True,False,True,False,True,2.0,False,False
FAF,71.37380952380953,True,False,True,True,True,2.0,False,False
FANG,41.875,True,True,False,False,False,5.0,False,False
FARO,67.45370370370371,True,True,False,True,False,0.0,False,True
FAST,67.0,True,False,False,False,True,8.0,False,False
FBIN,58.56785714285714,False,True,False,True,True,4.0,False,False
FBK,30.700000000000003,True,True,False,False,False,8.0,False,False
FBNC,60.092032967032964,True,False,False,False,True,6.0,False,False
FBP,26.02,True,False,False,False,True,15.0,False,False
FBRT,57.08730158730159,True,False,True,False,False,1.0,False,False
FCF,34.75535714285714,True,False,True,False,True,0.0,False,False
FCFS,30.450000000000003,False,True,False,False,True,6.0,False,False
FCN,47.37738095238095,True,False,False,True,False,10.0,False,False
FCPT,48.550000000000004,True,False,False,False,False,9.0,False,False
FCX,45.42142857142857,True,True,True,False,True,1.0,False,False
FDP,28.475,True,False,False,False,False,28.0,False,False
FDS,50.25714285714287,True,True,False,False,True,9.0,False,False
FDX,47.831282051282045,True,True,True,False,True,2.0,False,False
FE,68.89285714285714,True,False,True,False,False,1.0,False,False
FELE,67.86904761904762,True,True,True,False,True,9.0,False,False
FF,36.894444444444446,True,False,False,False,True,1.0,False,False
FFBC,28.58425925925926,True,True,True,False,False,6.0,False,False
FFIN,29.48888888888889,True,False,False,False,True,16.0,False,False
FFIV,55.50625,True,True,True,False,False,7.0,False,False
FHB,69.78941798941798,True,False,True,True,False,3.0,False,False
FHN,33.05,True,True,False,False,True,12.0,False,False
FI,54.63452380952381,True,False,False,True,True,2.0,False,False
FICO,51.060317460317464,True,False,False,True,True,12.0,False,False
FIS,23.66666666666667,True,True,False,False,True,2.0,False,False
FITB,16.883333333333336,True,False,False,False,True,0.0,False,False
FIVE,64.83571428571429,True,False,True,False,True,9.0,False,False
FIX,52.533928571428575,True,False,True,False,True,13.0,False,False
FIZZ,,False,False,False,False,False,22.0,False,False
FL,44.75384615384615,True,False,False,False,False,2.0,False,False
FLGT,65.84285714285714,True,True,False,False,False,2.0,False,False
FLO,43.93333333333333,True,False,True,True,True,1.0,False,False
FLR,51.13392857142858,True,True,False,False,True,1.0,False,False
FLS,54.84404761904762,True,False,True,False,False,7.0,False,False
FLT,,True,False,True,False,False,2.0,False,False
FMC,,False,False,False,False,True,4.0,False,False
FN,46.08227513227513,True,True,True,False,True,2.0,False,False
FNB,30.450000000000003,True,False,False,False,True,7.0,False,False
FND,,False,False,False,False,False,7.0,False,False
FNF,17.925,True,False,False,False,True,2.0,False,False
FORM,85.12142857142857,True,False,False,True,True,10.0,False,False
FORR,94.02142857142857,True,False,False,False,False,24.0,False,False
FOXA,92.47857142857143,True,False,False,False,False,5.0,False,False
FOXF,35.99166666666667,True,False,False,False,True,5.0,False,False
FR,45.2952380952381,True,True,True,False,False,0.0,False,False
FRT,29.016666666666666,True,True,False,False,True,3.0,False,False
FSLR,44.14523809523809,True,True,True,False,True,8.0,False,False
FSP,55.74615384615385,True,False,False,False,False,8.0,False,False
FSS,64.65198412698413,True,False,False,True,True,8.0,False,False
FTDR,83.71071428571429,True,False,True,False,True,2.0,False,False
FTNT,74.20142857142858,True,True,False,False,False,11.0,False,False
FTV,82.08928571428572,True,False,False,False,False,8.0,False,False
FUL,37.94166666666666,True,False,True,False,True,2.0,False,False
FULT,27.31875,True,False,False,False,True,0.0,False,False
FWRD,58.39642857142857,True,False,False,True,True,0.0,False,False
FYBR,58.85164835164835,True,False,False,False,False,3.0,False,False
G,,True,False,True,False,True,0.0,False,False
GATX,51.32261904761905,True,True,True,False,True,2.0,False,False
GBCI,30.450000000000003,True,False,False,False,True,7.0,False,False
GBX,41.875,True,True,False,False,True,2.0,False,False
GCI,29.2,True,False,False,False,False,5.0,False,False
GCO,74.80714285714285,True,False,True,False,True,4.0,False,False
GD,51.267857142857146,True,False,True,False,True,11.0,False,False
GDDY,40.99880952380953,True,False,True,False,False,5.0,False,False
GDEN,33.375,True,False,False,False,False,5.0,False,False
GDOT,32.875,True,True,True,False,True,2.0,False,False
GE,70.93035714285715,True,False,True,False,True,6.0,False,False
GEF,,False,False,False,False,True,2.0,False,False
GEHC,49.50535714285714,True,False,True,False,False,1.0,False,False
GEN,43.26192307692307,True,False,True,False,True,0.0,False,False
GEO,43.48392857142858,True,True,False,False,True,0.0,False,False
GES,,False,False,False,False,True,7.0,False,True
GFF,81.33571428571429,True,False,True,False,True,6.0,False,False
GGG,,False,False,False,False,True,3.0,False,False
GHC,55.59285714285714,True,False,False,False,True,9.0,False,False
GIII,,False,False,False,False,False,19.0,False,False
GILD,92.1107142857143,True,False,False,True,True,0.0,False,False
GIS,92.1107142857143,True,False,False,True,True,0.0,False,False
GKOS,89.77857142857144,True,False,False,False,False,2.0,False,False
GL,30.450000000000003,False,True,False,False,True,2.0,False,True
GLPI,30.450000000000003,True,False,False,False,False,11.0,False,False
GLW,62.513492063492066,True,False,True,False,True,17.0,False,False
GM,30.450000000000003,True,False,True,False,True,2.0,False,False
GME,,False,False,False,False,True,1.0,False,False
GMED,29.391666666666666,True,False,True,False,True,2.0,False,False
GMS,,False,False,False,False,True,5.0,False,False
GNL,,False,False,False,False,True,1.0,False,True
GNRC,67.0,True,False,False,False,False,8.0,False,False
GNTX,17.925,True,False,False,False,True,6.0,False,False
GNW,26.6875,True,False,True,False,False,11.0,False,False
GO,76.28214285714286,True,False,True,False,True,1.0,False,False
GOGO,76.62857142857143,True,False,True,False,True,2.0,False,False
GOOGL,69.47190476190475,True,True,True,False,True,5.0,False,False
GPC,46.21111111111111,True,False,False,False,True,5.0,False,False
GPI,69.4195054945055,True,False,True,False,True,1.0,False,False
GPK,,False,False,False,False,False,3.0,False,False
GPMT,56.044139194139184,True,True,False,True,False,7.0,False,False
GPN,24.1875,True,True,False,False,True,1.0,False,False
GPRE,47.00580357142857,True,True,False,False,True,15.0,False,False
GPS,73.5,True,True,False,False,True,1.0,False,False
GRBK,46.21111111111111,True,False,True,False,False,10.0,False,False
GRMN,38.397420634920636,True,True,False,True,True,2.0,False,True
GS,35.65,True,False,False,False,True,1.0,False,False
GSHD,75.66071428571429,True,False,True,False,False,6.0,False,False
GT,50.867063492063494,True,False,True,False,False,0.0,False,False
GTLS,36.79298941798942,True,False,True,False,True,5.0,False,False
GTY,74.03571428571428,True,True,False,False,True,8.0,False,False
GVA,38.19107142857143,True,False,True,False,True,3.0,False,False
GWW,87.71785714285716,True,False,True,False,True,1.0,False,False
GXO,,False,False,False,False,False,3.0,False,False
H,44.92271428571429,True,True,True,False,True,1.0,False,False
HA,64.21269841269842,True,False,True,False,True,6.0,False,False
HAE,90.17857142857143,True,False,True,False,False,8.0,False,False
HAFC,37.60192307692307,True,False,False,False,True,5.0,False,False
HAIN,48.550000000000004,True,False,False,False,False,1.0,False,False
HAL,33.891666666666666,True,False,True,False,True,5.0,False,False
HALO,59.93571428571429,False,False,False,False,False,10.0,False,False
HAS,,False,False,False,False,True,2.0,False,False
HASI,53.392857142857146,True,False,True,False,True,1.0,False,False
HAYN,40.93055555555556,True,False,True,False,True,0.0,False,False
HAYW,72.39065934065934,True,False,True,False,False,3.0,False,False
HBAN,33.05,True,False,False,False,False,15.0,False,False
HBI,67.44285714285715,True,False,True,False,False,4.0,False,False
HCA,37.25535714285714,True,False,True,False,True,5.0,False,False
HCC,26.36666666666667,True,False,True,True,False,7.0,False,False
HCI,68.88047619047619,True,True,False,False,True,13.0,False,False
HCSG,30.450000000000003,False,True,False,False,True,9.0,False,False
HD,62.332738095238085,True,False,True,False,True,2.0,False,False
HE,94.35000000000001,True,True,False,False,True,2.0,False,False
HELE,27.679166666666667,True,False,True,False,True,0.0,False,False
HES,94.02142857142857,True,False,True,False,True,11.0,False,False
HFWA,35.65,True,False,False,False,True,5.0,False,False
HGV,,False,False,False,False,False,7.0,False,False
HI,30.450000000000003,True,True,False,False,True,0.0,False,False
HIBB,54.84404761904762,True,False,True,False,False,5.0,False,False
HIG,29.85,True,True,False,False,True,1.0,False,False
HII,65.21190476190476,True,True,True,False,True,2.0,False,False
HIW,41.79444444444444,True,False,True,False,True,5.0,False,False
HLI,30.450000000000003,True,True,False,False,False,3.0,False,False
HLIT,79.98919413919414,True,True,False,True,True,18.0,False,False
HLT,52.97857142857143,True,False,False,False,False,11.0,False,False
HLX,39.603075396825396,True,True,True,False,True,2.0,False,False
HMN,66.86488095238094,True,False,False,False,False,11.0,False,False
HMST,25.462500000000002,True,True,False,False,False,9.0,False,False
HNI,46.61071428571429,True,False,True,True,True,4.0,False,False
HOG,27.5,True,False,False,False,True,0.0,False,False
HOLX,64.83571428571429,True,True,False,False,False,9.0,False,False
HOMB,27.955555555555556,True,False,False,False,False,11.0,False,False
HON,62.825,True,True,False,False,True,1.0,False,False
HOPE,40.59761904761905,True,True,True,True,True,11.0,False,False
HOUS,16.65892857142857,True,True,False,False,False,0.0,False,False
HP,34.51875,True,False,False,False,True,10.0,False,False
HPE,16.633333333333333,True,False,False,False,True,6.0,False,False
HPP,53.89821428571429,True,False,True,False,False,14.0,False,False
HPQ,27.40833333333333,True,False,True,False,True,5.0,False,False
HQY,70.93035714285715,True,False,False,False,False,10.0,False,False
HR,,False,False,False,False,False,2.0,False,False
HRB,37.43703703703704,True,False,True,True,True,0.0,False,False
HRL,47.23571428571429,True,False,True,False,True,7.0,False,False
HRMY,39.78888888888889,True,True,False,False,True,0.0,False,False
HSIC,37.85277777777778,True,True,False,False,False,19.0,False,False
HSII,85.17857142857143,True,False,True,False,False,0.0,False,False
HST,38.330555555555556,True,False,False,True,True,7.0,False,False
HSTM,48.550000000000004,True,False,False,False,False,34.0,False,False
HSY,17.94375,True,False,True,False,True,5.0,False,False
HT,88.89761904761906,True,False,True,False,True,1.0,False,False
HTH,80.14120879120878,True,False,True,False,False,3.0,False,True
HTLD,48.550000000000004,True,False,False,False,True,13.0,False,False
HTZ,80.68333333333334,True,True,False,True,False,1.0,False,False
HUBB,29.501666666666665,True,False,True,False,True,3.0,False,False
HUBG,68.89285714285714,True,False,True,False,True,1.0,False,False
HUM,39.833333333333336,True,True,True,False,True,0.0,False,False
HVT,,False,False,False,False,True,3.0,False,False
HWC,17.858333333333334,True,False,False,True,True,7.0,False,True
HWKN,66.47142857142858,True,False,False,False,True,13.0,False,False
HWM,56.49285714285714,True,False,False,False,True,1.0,False,True
HXL,82.87857142857143,True,True,False,False,False,0.0,False,True
HZO,,False,False,False,False,True,6.0,False,False
IART,62.23571428571429,True,True,True,False,False,3.0,False,False
IBKR,17.45,False,True,False,False,True,5.0,False,False
IBM,58.17095238095238,True,True,False,True,True,1.0,False,False
IBOC,73.55384615384615,True,False,False,False,True,13.0,False,False
IBP,16.883333333333336,True,False,False,False,False,10.0,False,False
IBTX,,False,False,False,False,False,11.0,False,False
ICE,45.987307692307695,True,False,False,False,True,15.0,False,False
ICHR,35.480555555555554,True,False,True,False,True,4.0,False,False
ICUI,89.23571428571428,True,False,False,False,False,10.0,False,False
IDA,27.607499999999998,True,False,True,False,True,4.0,False,False
IDCC,47.02210012210013,True,True,True,True,False,3.0,False,False
IDXX,72.74478021978021,True,False,True,False,True,0.0,False,False
IEX,76.28214285714286,True,False,True,False,True,0.0,False,False
IFF,69.1,True,True,False,False,False,0.0,False,False
IIIN,17.9625,True,False,False,False,True,15.0,False,False
IIPR,24.753472222222225,True,False,False,True,False,8.0,False,False
ILMN,32.44973544973545,True,False,False,True,True,0.0,False,False
ILPT,43.17857142857143,True,True,False,False,True,0.0,False,False
INCY,39.15,False,True,False,False,False,1.0,False,False
INDB,43.5,True,False,True,False,False,1.0,False,False
INGN,41.117063492063494,True,False,True,False,False,1.0,False,False
INGR,30.450000000000003,True,True,True,False,True,6.0,False,False
INN,82.21428571428571,True,False,True,False,True,3.0,False,False
INTC,55.35370370370371,True,True,False,False,True,3.0,False,False
INTU,58.330357142857146,True,False,True,False,True,0.0,False,False
INVA,70.39999999999999,True,True,True,False,False,4.0,False,False
INVH,54.292857142857144,True,False,False,False,True,1.0,False,False
IOSP,,False,False,False,False,True,0.0,False,False
IP,,False,False,False,False,False,3.0,False,False
IPAR,39.15,True,False,True,False,True,27.0,False,False
IPG,94.02142857142857,True,False,False,False,True,3.0,False,False
IPGP,33.577777777777776,False,True,False,True,True,3.0,False,False
IQV,58.59761904761905,True,True,True,False,False,8.0,False,False
IR,87.72142857142858,True,True,False,False,False,3.0,False,False
IRBT,62.10714285714286,True,False,False,True,True,0.0,False,False
IRDM,93.25,True,False,True,False,True,0.0,False,False
IRM,67.33424908424908,True,True,True,False,False,11.0,False,False
IRT,61.128571428571426,True,False,False,False,False,9.0,False,False
IRWD,67.0,True,False,False,False,True,3.0,False,False
ISRG,93.13333333333334,True,True,False,True,True,1.0,False,False
IT,46.775000000000006,True,True,False,False,False,4.0,False,False
ITGR,24.244444444444444,True,False,False,False,True,0.0,False,False
ITOS,49.61565934065934,True,False,False,True,False,4.0,False,False
ITRI,59.85238095238096,True,False,True,False,True,5.0,False,False
ITT,34.06944444444444,True,False,True,False,True,5.0,False,False
ITW,48.33690476190476,True,True,False,False,True,0.0,False,False
IVR,34.30128205128205,True,True,True,False,True,7.0,False,False
IVZ,62.63214285714286,True,False,True,False,True,1.0,False,False
J,57.725,True,True,False,False,True,1.0,False,False
JACK,35.018956043956045,True,True,True,False,False,4.0,False,False
JAZZ,60.11428571428572,True,False,True,False,True,15.0,False,False
JBGS,76.28214285714286,True,False,True,False,False,7.0,False,False
JBHT,29.833333333333332,True,False,False,False,True,2.0,False,False
JBL,76.69285714285715,True,False,True,False,True,1.0,False,False
JBLU,33.821666666666665,True,True,False,True,True,0.0,False,False
JBSS,30.450000000000003,True,False,True,False,True,2.0,False,False
JBT,31.339423076923076,True,False,True,False,True,0.0,False,False
JCI,34.40833333333333,True,False,False,False,True,4.0,False,False
JEF,75.30192307692307,True,False,True,False,True,23.0,False,False
JHG,37.06666666666666,True,True,True,False,True,1.0,False,True
JJSF,16.2,True,False,False,False,True,1.0,False,False
JKHY,66.47142857142858,True,False,False,False,True,2.0,False,False
JLL,58.36785714285715,True,False,False,True,True,2.0,False,True
JNJ,35.61666666666667,True,False,True,False,True,1.0,False,False
JNPR,76.33571428571429,True,True,False,True,True,0.0,False,False
JOE,43.93333333333333,True,False,False,False,True,9.0,False,False
JPM,82.21428571428571,True,False,False,False,True,1.0,False,True
JRVR,94.02142857142857,True,False,False,False,False,5.0,False,False
JWN,78.98571428571428,True,False,False,False,True,4.0,False,False
JXN,30.450000000000003,True,False,False,False,False,3.0,False,False
JYNT,58.89285714285714,True,True,False,False,True,0.0,False,False
K,87.55357142857143,True,False,True,False,False,6.0,False,False
KALU,30.725,True,False,False,False,True,4.0,False,False
KAMN,71.2589947089947,True,True,True,False,False,3.0,False,False
KAR,72.61538461538461,True,False,True,False,True,3.0,False,False
KBH,17.925,True,False,False,False,True,0.0,False,False
KBR,28.77962962962963,True,True,True,False,False,7.0,False,False
KD,60.46190476190476,True,False,True,False,False,3.0,False,False
KDP,80.17142857142858,True,False,True,False,True,2.0,False,False
KELYA,55.25476190476191,True,False,False,True,True,5.0,False,False
KEX,40.94444444444445,True,False,True,False,True,10.0,False,False
KEY,24.96,True,True,False,False,True,3.0,False,False
KEYS,29.538541666666667,True,True,False,False,True,2.0,False,False
KFY,48.14642857142857,True,False,False,False,True,17.0,False,False
KHC,55.503571428571426,True,False,True,False,True,0.0,False,False
KIM,88.25357142857143,True,True,False,False,True,7.0,False,False
KLAC,64.65198412698413,True,True,False,False,True,2.0,False,False
KLIC,35.47,True,False,False,True,True,8.0,False,False
KMB,55.503571428571426,True,False,True,False,True,1.0,False,False
KMI,67.19285714285715,True,False,True,False,True,1.0,False,False
KMPR,56.517857142857146,True,False,False,False,False,3.0,False,False
KMT,50.04081196581197,True,False,True,False,False,7.0,False,False
KMX,27.813636363636363,True,False,False,False,True,0.0,False,False
KN,44.75384615384615,True,False,False,False,False,10.0,False,False
KNSL,39.5,True,False,False,True,False,0.0,False,False
KNX,15.9,True,False,False,False,False,0.0,False,True
KO,52.728571428571435,True,False,False,False,True,0.0,False,False
KOP,26.618055555555557,True,False,True,False,True,0.0,False,False
KR,38.464285714285715,True,True,False,False,True,1.0,False,False
KRC,86.33571428571429,True,False,False,False,False,0.0,False,False
KREF,77.85,True,False,True,False,False,3.0,False,True
KRG,17.925,True,False,False,False,True,16.0,False,False
KSS,67.0,True,False,False,False,True,1.0,False,False
KTB,55.767857142857146,True,False,True,False,False,3.0,False,False
KW,49.8702380952381,True,False,True,False,False,15.0,False,False
KWR,71.285,True,False,True,False,True,3.0,False,False
L,73.08571428571429,True,True,False,False,True,5.0,False,True
LAD,34.150000000000006,True,False,False,False,True,12.0,False,False
LAMR,94.02142857142857,True,False,False,True,True,9.0,False,False
LANC,58.92698412698413,True,True,True,False,True,7.0,False,False
LBRT,92.46666666666668,True,False,False,False,False,6.0,False,False
LCII,16.883333333333336,True,False,False,False,True,6.0,False,False
LDOS,29.94848484848485,True,False,True,False,False,1.0,False,False
LEA,80.95357142857144,True,False,True,False,True,6.0,False,False
LECO,46.99642857142857,True,False,True,False,True,0.0,False,False
LEG,56.36904761904762,True,False,True,True,True,2.0,False,False
LEN,74.88379120879121,True,False,False,True,True,1.0,False,True
LESL,78.98571428571428,True,False,True,False,False,4.0,False,False
LFUS,34.11666666666667,True,False,False,False,True,7.0,False,False
LGIH,,False,False,False,False,False,11.0,False,False
LGND,57.56071428571428,True,False,True,False,True,2.0,False,False
LH,18.416666666666668,True,False,False,False,True,4.0,False,False
LHX,53.75079365079365,True,True,False,False,True,2.0,False,False
LII,59.51190476190476,True,True,False,False,True,0.0,False,False
LIN,27.975,True,True,False,False,True,2.0,False,False
LITE,54.27777777777778,True,False,False,False,False,1.0,False,False
LIVN,66.47142857142858,True,True,True,False,False,0.0,False,False
LKFN,17.925,True,False,False,False,True,1.0,False,False
LKQ,37.297619047619044,True,True,True,False,True,1.0,False,True
LLY,33.72142857142857,True,False,True,False,True,7.0,False,False
LMAT,62.400000000000006,True,False,True,False,True,17.0,False,False
LMT,65.93928571428572,True,True,False,False,True,3.0,False,False
LNC,29.58055555555556,True,True,False,False,True,1.0,False,False
LNN,35.855555555555554,True,False,True,False,True,3.0,False,False
LNT,54.05919312169312,True,False,False,True,True,0.0,False,False
LNTH,23.438888888888886,True,False,False,False,True,0.0,False,False
LNW,65.90396825396826,True,True,False,False,True,0.0,False,False
LOCO,77.31978021978023,True,False,True,False,False,0.0,False,False
LOPE,30.299999999999997,True,True,False,False,False,4.0,False,False
LOW,46.31428571428572,True,False,True,False,False,3.0,False,False
LPG,,False,False,False,False,False,10.0,False,False
LPSN,40.75476190476191,True,False,True,False,False,0.0,False,False
LPX,37.37777777777777,True,True,False,False,True,3.0,False,False
LQDT,56.017857142857146,True,True,True,False,True,24.0,False,False
LRCX,30.450000000000003,False,True,False,False,True,0.0,False,False
LRN,48.08412698412698,True,True,True,False,True,3.0,False,False
LSCC,89.87142857142858,True,False,False,False,True,0.0,False,False
LSI,47.33095238095238,True,False,True,False,True,4.0,False,False
LSTR,64.56886446886448,True,False,True,True,False,0.0,False,False
LTC,35.4,True,False,False,False,True,4.0,False,False
LULU,65.1138888888889,True,False,True,False,False,6.0,False,False
LUMN,58.670634920634924,True,False,True,False,False,2.0,False,False
LUV,53.3,True,False,True,False,True,1.0,False,False
LVS,50.25119047619047,True,False,False,True,True,3.0,False,False
LW,30.474999999999998,True,False,True,False,False,8.0,False,False
LXP,86.53214285714286,True,False,False,True,False,10.0,False,True
LYB,30.450000000000003,True,True,True,False,True,2.0,False,False
LYV,87.41794871794872,True,False,True,True,True,1.0,False,False
LZB,40.003571428571426,True,False,False,False,True,3.0,False,False
M,83.92142857142858,True,False,False,False,True,0.0,False,False
MA,70.73571428571428,True,True,True,False,True,3.0,False,False
MAA,,True,False,True,False,True,1.0,False,True
MAC,91.94642857142858,True,False,False,False,False,0.0,False,False
MAN,67.81,True,False,True,False,True,1.0,False,False
MANH,35.65,True,False,False,False,True,11.0,False,False
MAR,83.92142857142858,True,False,False,False,True,2.0,False,False
MAS,56.77142857142857,True,False,True,False,True,10.0,False,False
MASI,31.59444444444445,True,True,False,False,False,17.0,False,False
MAT,72.53571428571429,True,True,True,False,True,3.0,False,True
MATV,53.35568181818182,False,True,False,True,True,0.0,False,True
MATW,39.5,True,False,False,True,True,18.0,False,False
MATX,71.44761904761906,True,True,False,False,True,7.0,False,False
MBC,61.464285714285715,True,False,True,False,False,2.0,False,False
MC,86.33571428571429,True,False,True,False,False,10.0,False,False
MCD,88.11785714285713,True,False,True,False,True,5.0,False,False
MCHP,48.4114417989418,True,False,True,False,True,3.0,False,False
MCK,42.198214285714286,True,False,True,False,True,2.0,False,True
MCO,55.93293650793651,True,False,True,False,True,3.0,False,False
MCRI,11.35,True,False,False,False,False,18.0,False,False
MCS,58.760714285714286,True,False,False,True,True,1.0,False,False
MCW,56.58571428571429,True,False,False,False,False,3.0,False,False
MCY,30.450000000000003,True,True,False,False,True,0.0,False,False
MD,33.64111111111111,False,True,False,False,True,1.0,False,False
MDC,,False,False,False,False,True,4.0,False,False
MDLZ,45.364285714285714,True,False,True,False,False,2.0,False,True
MDT,30.450000000000003,True,False,False,False,True,0.0,False,False
MDU,42.80563492063492,True,True,False,False,True,0.0,False,False
MED,42.198214285714286,True,False,True,False,False,4.0,False,False
MEDP,55.17857142857142,True,False,True,False,False,3.0,False,False
MEI,71.26785714285714,True,True,True,False,False,0.0,False,False
MERC,34.6375,True,True,False,False,False,2.0,False,False
MET,36.346666666666664,True,False,True,False,True,5.0,False,False
META,38.23888888888889,True,False,True,False,False,3.0,False,False
MGM,30.075000000000003,True,True,False,False,False,2.0,False,True
MGPI,28.363888888888887,True,False,False,False,True,1.0,False,True
MHK,43.1875,True,False,False,False,True,15.0,False,False
MHO,48.60198412698412,True,False,False,True,True,20.0,False,False
MIDD,51.695238095238096,True,True,True,False,True,5.0,False,False
MKC,16.883333333333336,True,False,False,False,True,1.0,False,False
MKSI,93.33571428571429,True,True,False,True,True,4.0,False,False
MKTX,29.258333333333336,True,False,True,True,True,1.0,False,False
MLAB,62.99761904761905,True,False,True,False,True,7.0,False,False
MLI,,False,False,False,False,True,1.0,False,False
MLKN,69.06488095238095,True,False,False,False,False,6.0,False,False
MLM,52.81111111111111,False,False,False,False,False,2.0,False,False
MMC,44.050000000000004,True,False,False,False,True,1.0,False,False
MMI,17.925,True,False,False,False,True,8.0,False,False
MMM,66.15714285714286,True,True,False,False,True,1.0,False,False
MMS,59.35476190476191,True,True,False,False,True,4.0,False,False
MMSI,36.11190476190476,True,False,False,True,False,37.0,False,False
MNRO,39.62214285714286,True,False,False,False,False,3.0,False,False
MNST,45.25555555555556,False,True,False,False,True,3.0,False,True
MO,43.925,True,False,False,False,True,4.0,False,False
MODG,69.06488095238095,True,False,True,False,False,12.0,False,False
MODV,43.1875,True,False,False,False,True,0.0,False,False
MOG.A,,False,False,False,False,True,0.0,False,False
MOH,27.88055555555556,True,False,False,False,False,7.0,False,False
MORN,32.18333333333334,True,True,True,False,True,7.0,False,False
MOS,68.41593406593407,True,False,True,False,True,0.0,False,False
MOV,68.55714285714285,True,False,False,False,True,14.0,False,False
MP,27.944444444444443,True,False,False,False,False,0.0,False,False
MPAA,51.269047619047626,True,True,False,True,False,17.0,False,False
MPC,40.0,True,False,False,False,True,0.0,False,False
MPW,37.214285714285715,True,False,False,False,False,19.0,False,False
MPWR,55.74615384615385,True,False,False,False,False,14.0,False,False
MRCY,73.24107142857143,True,False,True,True,True,1.0,False,False
MRK,59.68492063492064,True,False,True,True,True,2.0,False,False
MRNA,63.65317460317461,True,True,True,False,False,6.0,False,False
MRO,41.03611111111111,True,False,False,True,False,5.0,False,False
MRTN,,False,False,False,False,True,3.0,False,False
MS,64.83571428571429,True,False,True,False,True,0.0,False,False
MSA,55.90714285714286,True,False,False,False,True,1.0,False,False
MSCI,59.50714285714286,True,False,True,True,False,7.0,False,False
MSEX,24.9,True,False,False,False,False,0.0,False,False
MSFT,30.462500000000002,True,True,True,False,True,7.0,False,False
MSGS,86.53214285714286,True,False,True,False,True,1.0,False,False
MSI,30.450000000000003,True,False,False,False,True,1.0,False,True
MSM,41.93611111111111,True,False,False,False,False,2.0,False,False
MTB,45.08461538461538,True,True,True,False,True,7.0,False,False
MTCH,48.550000000000004,True,False,False,False,False,2.0,False,False
MTD,30.450000000000003,True,False,False,False,False,0.0,False,False
MTDR,35.792857142857144,True,False,False,True,False,11.0,False,False
MTG,54.81666666666666,True,True,False,False,True,5.0,False,False
MTH,32.083333333333336,True,False,False,False,False,0.0,False,True
MTN,26.725,True,False,True,False,True,3.0,False,False
MTRN,63.80714285714286,True,False,False,False,False,7.0,False,False
MTSI,81.08571428571429,True,False,False,False,True,1.0,False,False
MTX,84.71428571428572,True,False,True,False,True,0.0,False,True
MTZ,55.74615384615385,True,False,True,False,True,14.0,False,False
MU,70.06428571428573,True,True,False,False,False,7.0,False,False
MUR,55.12380952380952,True,True,True,False,True,0.0,False,False
MUSA,52.58227513227513,True,True,True,False,False,11.0,False,False
MXL,74.52714285714286,True,True,True,True,False,14.0,False,False
MYE,57.83571428571429,True,False,True,False,False,4.0,False,False
MYGN,45.51865079365079,True,False,False,True,False,4.0,False,False
MYRG,,False,False,False,False,True,7.0,False,False
NABL,48.550000000000004,True,False,False,False,False,3.0,False,False
NARI,83.04917582417582,True,False,True,False,True,1.0,False,False
NATI,27.944444444444443,True,False,False,False,True,3.0,False,False
NAVI,62.597023809523805,True,True,False,False,True,1.0,False,False
NBHC,43.93333333333333,True,False,False,False,False,10.0,False,False
NBIX,63.855952380952374,True,False,True,True,True,7.0,False,False
NBR,91.19285714285714,True,True,False,True,True,12.0,False,False
NBTB,17.925,True,False,False,False,True,0.0,False,False
NCLH,25.087500000000002,True,False,True,False,True,1.0,False,False
NDAQ,47.96428571428571,True,False,True,False,True,1.0,False,False
NDSN,33.55138888888889,True,True,True,True,False,5.0,False,False
NEE,52.95892857142857,True,True,False,True,True,2.0,False,False
NEM,62.464285714285715,True,True,False,False,True,5.0,False,False
NEO,65.95,True,True,False,False,True,0.0,False,False
NEOG,17.925,True,False,False,False,False,0.0,False,False
NEU,59.760714285714286,True,False,True,False,True,10.0,False,False
NEX,37.214285714285715,True,False,False,False,False,1.0,False,False
NFBK,29.930555555555557,True,True,False,False,True,3.0,False,False
NFG,,False,False,False,False,True,2.0,False,False
NFLX,65.0,True,True,False,False,True,3.0,False,True
NGVT,48.94047619047619,True,False,True,False,True,3.0,False,False
NHC,46.16071428571428,True,True,False,True,True,7.0,False,False
NI,71.67599206349206,True,True,True,False,True,2.0,False,False
NJR,66.71071428571429,True,True,False,False,True,5.0,False,False
NKE,44.496428571428574,True,False,True,False,True,4.0,False,False
NKTR,94.39285714285714,True,False,True,False,True,1.0,False,True
NLY,,False,False,False,False,False,0.0,False,True
NMIH,30.450000000000003,True,False,False,False,True,2.0,False,False
NNN,65.84285714285714,True,False,False,False,True,2.0,False,False
NOC,32.74464285714286,True,False,True,False,True,5.0,False,False
NOG,35.65,True,False,False,False,True,4.0,False,False
NOV,83.01620879120878,True,False,True,False,True,10.0,False,False
NOVT,41.646031746031746,True,True,True,False,True,5.0,False,False
NOW,67.69047619047619,True,False,True,False,False,2.0,False,False
NPK,83.09285714285714,True,False,False,True,True,16.0,False,False
NPO,94.02142857142857,True,False,False,False,True,0.0,False,False
NRG,89.11785714285715,True,True,False,True,True,1.0,False,False
NSA,,False,False,False,False,True,1.0,False,False
NSC,43.82777777777778,True,False,True,False,True,2.0,False,False
NSIT,43.01875,True,False,False,False,True,1.0,False,True
NSP,48.43928571428572,True,False,False,False,True,21.0,False,False
NTAP,61.464285714285715,True,False,True,False,True,9.0,False,False
NTCT,37.60192307692307,True,True,False,True,True,7.0,False,False
NTGR,55.65436507936508,True,False,False,True,False,0.0,False,False
NTRS,30.450000000000003,True,False,False,False,False,2.0,False,False
NUE,,False,False,False,False,True,2.0,False,False
NUS,69.57480158730158,True,False,False,False,True,3.0,False,False
NVDA,65.17083333333333,True,True,False,False,False,31.0,False,False
NVEE,32.88055555555556,True,False,False,False,True,0.0,False,True
NVR,31.522222222222222,True,False,False,False,True,2.0,False,False
NVRI,58.32678571428572,True,False,True,False,True,1.0,False,False
NVST,37.292857142857144,True,True,True,False,False,5.0,False,False
NVT,49.912301587301585,True,False,True,False,False,5.0,False,False
NWBI,43.683928571428574,True,True,False,False,True,0.0,False,False
NWE,48.00285714285714,True,True,True,False,True,1.0,False,False
NWL,76.33571428571429,True,False,False,False,True,0.0,False,False
NWN,29.96944444444445,True,True,False,False,True,1.0,False,False
NWSA,39.03888888888889,True,False,False,False,False,11.0,False,False
NX,53.78928571428571,True,False,True,False,True,0.0,False,False
NXPI,28.958333333333336,True,False,True,False,True,4.0,False,False
NXST,19.966666666666665,True,False,False,False,False,4.0,False,False
NYCB,21.475,True,False,False,False,True,0.0,False,False
NYMT,21.099999999999998,True,False,False,False,False,2.0,False,True
NYT,26.72222222222222,True,False,False,False,True,4.0,False,False
O,30.450000000000003,True,False,True,False,True,6.0,False,False
OC,49.91653439153439,True,True,False,False,False,3.0,False,False
ODFL,,False,False,False,False,True,1.0,False,False
ODP,64.83571428571429,True,False,True,False,True,0.0,False,True
OFG,69.80535714285715,True,False,True,False,True,3.0,False,False
OFIX,54.767857142857146,True,False,True,False,False,0.0,False,False
OGE,58.651587301587305,True,True,True,False,True,9.0,False,False
OGN,68.04126984126984,True,False,True,False,False,3.0,False,False
OGS,32.99325396825397,True,False,False,True,True,3.0,False,False
OHI,35.02619047619048,True,True,False,True,False,23.0,False,False
OI,,False,False,False,False,True,0.0,False,True
OII,53.66984126984127,True,False,True,False,True,7.0,False,False
OIS,41.875,True,True,False,False,True,17.0,False,False
OKE,65.61785714285715,True,True,False,False,True,3.0,False,False
OLED,62.6984126984127,True,True,False,True,True,16.0,False,False
OLLI,37.725,True,False,False,False,True,0.0,False,False
OLN,31.061309523809523,True,False,False,False,False,0.0,False,False
OMC,16.2,True,False,True,False,True,6.0,False,False
OMCL,46.21111111111111,True,False,False,False,True,22.0,False,False
OMI,,True,True,True,False,True,4.0,False,False
ON,22.485416666666666,True,True,False,False,False,4.0,False,False
ONB,18.9,True,False,False,False,True,5.0,False,False
ONL,52.897619047619045,True,False,False,True,False,3.0,False,False
ONTO,74.96428571428572,True,True,False,False,False,5.0,False,False
OPCH,36.294444444444444,True,True,True,False,False,5.0,False,False
OPI,,False,False,False,False,True,0.0,False,False
OPRX,35.65,True,False,False,False,False,6.0,False,False
ORA,41.30384615384616,True,True,True,False,True,4.0,False,False
ORCL,86.33571428571429,True,False,False,True,True,5.0,False,True
ORGO,35.12222222222222,True,False,True,False,False,1.0,False,False
ORI,46.61071428571428,True,False,True,False,True,5.0,False,False
ORLY,,False,False,False,False,True,0.0,False,False
OSIS,32.952380952380956,True,True,False,False,False,32.0,False,False
OSK,83.09285714285714,True,False,False,False,True,3.0,False,False
OSPN,72.63571428571429,True,False,False,True,False,0.0,False,False
OSUR,42.151785714285715,True,True,True,False,True,0.0,False,False
OTIS,31.005555555555556,True,False,False,False,False,2.0,False,False
OTTR,59.71798941798942,True,False,True,False,True,9.0,False,False
OUT,,False,False,False,False,False,0.0,False,False
OVV,37.70611111111111,True,False,True,False,True,3.0,False,False
OXM,53.33888888888889,True,False,False,True,True,9.0,False,False
OXY,37.214285714285715,True,False,False,False,True,8.0,False,False
OZK,28.894444444444446,True,False,False,False,True,4.0,False,False
PACW,62.598412698412695,True,False,False,False,True,0.0,False,False
PAG,31.005555555555556,True,False,False,False,False,25.0,False,False
PAHC,,False,False,False,False,True,10.0,False,False
PANW,54.85428571428572,True,True,True,True,False,6.0,False,False
PARA,61.08928571428571,True,False,True,False,False,5.0,False,False
PARR,91.62857142857143,True,False,False,True,True,1.0,False,False
PATK,,False,False,False,False,True,3.0,False,False
PAYC,30.450000000000003,True,False,False,False,False,0.0,False,True
PAYO,27.944444444444443,True,False,False,False,False,1.0,False,True
PAYX,54.17619047619048,True,True,False,False,True,2.0,False,False
PB,73.55384615384615,True,False,False,False,True,13.0,False,False
PBF,29.25,True,False,False,False,True,1.0,False,False
PBH,33.84814814814815,True,True,True,False,True,7.0,False,False
PBI,81.33571428571429,True,True,False,False,True,1.0,False,False
PCAR,48.0375,True,True,False,False,True,5.0,False,False
PCG,23.450000000000003,True,True,False,False,False,3.0,False,False
PCH,67.57857142857142,True,False,True,False,True,3.0,False,False
PCRX,73.30714285714285,True,False,True,False,False,0.0,False,False
PCTY,30.9075,True,False,True,False,False,2.0,False,True
PDCO,63.64761904761905,True,True,False,False,True,2.0,False,False
PDFS,80.55714285714285,True,True,False,True,True,24.0,False,False
PEAK,,False,False,False,False,False,4.0,False,False
PEB,58.392857142857146,True,True,False,False,False,1.0,False,False
PECO,55.973214285714285,True,False,True,False,False,3.0,False,False
PEG,74.91607142857143,True,True,False,False,True,1.0,False,False
PEN,62.400000000000006,True,True,False,True,False,1.0,False,False
PENN,82.05714285714285,True,False,True,False,True,4.0,False,False
PEP,28.958333333333336,True,False,True,False,True,5.0,False,False
PETS,44.07271062271062,True,True,False,False,True,0.0,False,False
PFBC,70.65,True,False,True,False,False,12.0,False,False
PFE,29.71666666666667,False,True,False,True,True,1.0,False,False
PFG,63.871428571428574,True,False,False,False,True,8.0,False,False
PFGC,17.925,True,False,False,False,False,2.0,False,False
PFS,16.2,True,False,False,False,True,2.0,False,False
PG,76.33571428571429,True,False,True,False,True,2.0,False,False
PGNY,29.930555555555557,True,False,False,False,True,2.0,False,False
PGR,54.667857142857144,True,True,False,False,True,8.0,False,False
PGTI,33.91388888888889,True,True,False,False,True,6.0,False,False
PH,38.488888888888894,True,False,True,False,True,1.0,False,False
PHM,32.083333333333336,True,False,False,False,True,0.0,False,False
PII,23.450000000000003,True,False,True,False,True,3.0,False,False
PINC,50.99285714285714,True,False,True,False,True,3.0,False,False
PIPR,81.08571428571429,True,False,False,False,True,1.0,False,False
PJT,58.392857142857146,True,False,True,False,False,9.0,False,False
PK,30.450000000000003,True,False,True,False,False,7.0,False,False
PKE,,False,False,False,False,True,10.0,False,False
PKG,44.47857142857143,True,True,True,False,True,6.0,False,False
PLAB,53.004761904761914,True,True,False,True,True,2.0,False,False
PLAY,36.734375,True,False,True,False,False,2.0,False,False
PLCE,42.14047619047619,True,True,True,False,False,16.0,False,True
PLD,72.65952380952382,True,True,True,False,False,2.0,False,True
PLMR,92.47857142857143,True,False,False,False,False,1.0,False,False
PLNT,42.79479365079365,True,False,True,False,True,1.0,False,False
PLUS,29.41111111111111,True,False,False,False,True,8.0,False,False
PLXS,70.38461538461539,True,True,True,False,True,2.0,False,False
PM,15.4,True,False,False,False,True,3.0,False,False
PMT,30.450000000000003,True,True,False,False,True,0.0,False,False
PNC,59.37142857142857,True,False,True,False,True,0.0,False,False
PNFP,75.63571428571429,True,False,False,False,False,21.0,False,False
PNM,55.973214285714285,True,False,True,False,True,2.0,False,False
PNR,60.035714285714285,True,False,False,False,True,6.0,False,False
PNTG,89.87142857142858,True,False,True,False,True,2.0,False,False
PNW,70.34910714285715,True,True,False,True,True,5.0,False,False
PODD,74.91785714285714,True,False,False,True,True,2.0,False,False
POOL,39.40909090909091,True,False,False,False,True,5.0,False,False
POR,50.870211640211636,True,False,False,False,True,0.0,False,True
POST,44.89047619047619,True,True,False,False,True,1.0,False,False
POWI,71.5068783068783,True,True,False,False,True,1.0,False,False
POWL,16.883333333333336,True,False,False,False,True,5.0,False,False
PPBI,20.900000000000002,True,False,False,False,True,8.0,False,False
PPC,51.267857142857146,True,False,True,False,True,0.0,False,False
PPG,45.292857142857144,True,False,True,False,True,1.0,False,False
PPL,46.70178571428571,True,True,False,False,True,1.0,False,False
PR,73.55384615384615,True,False,False,False,False,2.0,False,True
PRA,33.05,True,True,False,False,True,5.0,False,False
PRAA,45.469047619047615,True,False,False,False,True,1.0,False,False
PRDO,30.450000000000003,True,False,False,False,True,1.0,False,False
PRFT,66.47142857142858,True,False,False,False,True,1.0,False,False
PRG,40.98760683760684,True,False,True,False,True,1.0,False,False
PRGO,42.88928571428572,True,True,False,False,False,1.0,False,False
PRGS,47.585,True,False,False,False,False,8.0,False,False
PRI,86.33571428571429,True,False,True,False,False,5.0,False,True
PRK,73.01071428571429,True,False,True,False,True,5.0,False,False
PRLB,66.47142857142858,True,True,False,True,True,3.0,False,False
PRU,92.09285714285716,True,True,True,False,True,1.0,False,False
PRVA,45.67857142857142,True,True,True,False,True,1.0,False,False
PSA,65.84285714285714,True,False,False,False,False,11.0,False,True
PSMT,69.52592592592593,True,False,False,True,True,4.0,False,False
PSX,41.40714285714286,True,False,False,True,True,2.0,False,False
PTC,76.33571428571429,True,False,False,False,True,0.0,False,False
PTEN,36.65,True,False,False,False,True,12.0,False,False
PUMP,31.521428571428572,True,False,True,False,True,3.0,False,False
PVH,27.975,False,True,False,False,True,1.0,False,False
PWR,35.75,True,False,False,False,True,2.0,False,False
PXD,34.09166666666667,True,True,False,False,True,0.0,False,False
PYPL,57.550000000000004,True,False,False,False,False,1.0,False,False
PZZA,15.666666666666666,True,False,False,False,True,1.0,False,True
QCOM,15.14375,True,False,False,False,True,3.0,False,False
QDEL,62.475,True,True,False,False,True,0.0,False,False
QLYS,27.811111111111114,True,False,False,False,True,0.0,False,False
QNST,53.042857142857144,True,False,True,False,False,14.0,False,False
QRVO,30.450000000000003,True,False,False,False,False,9.0,False,False
R,71.04093406593407,True,False,True,False,True,11.0,False,False
RAMP,,True,False,False,False,False,0.0,False,False
RBC,30.479629629629628,True,True,False,True,False,31.0,False,False
RC,35.65,True,False,False,False,False,6.0,False,False
RCL,50.40206043956044,True,True,True,False,True,2.0,False,False
RCM,54.84404761904762,True,False,True,False,True,1.0,False,False
RCUS,86.48214285714286,True,False,False,True,False,6.0,False,False
RDN,33.025000000000006,True,True,False,False,False,7.0,False,False
RDNT,66.9857142857143,True,True,False,False,True,20.0,False,False
REG,57.140079365079366,True,False,True,False,True,4.0,False,False
REGN,40.6686507936508,True,True,False,True,False,3.0,False,False
RES,28.772222222222222,True,False,False,False,True,2.0,False,False
REX,60.469047619047615,True,True,False,False,True,4.0,False,False
REXR,65.84285714285714,True,False,False,False,False,11.0,False,True
REZI,72.91071428571428,True,False,True,False,False,4.0,False,False
RF,42.30009920634921,True,False,True,False,True,0.0,False,False
RGA,35.855555555555554,True,False,True,False,True,0.0,False,False
RGEN,50.591005291005295,True,True,True,False,True,1.0,False,False
RGLD,85.16071428571428,True,False,True,False,True,4.0,False,False
RGNX,93.76428571428572,False,False,False,False,False,9.0,False,False
RGP,85.34285714285716,True,False,False,True,True,0.0,False,False
RGR,15.666666666666666,True,False,False,False,True,7.0,False,False
RH,,False,False,False,False,True,1.0,False,True
RHI,69.3,True,False,False,False,True,5.0,False,False
RILY,31.005555555555556,True,False,False,False,False,6.0,False,True
RJF,47.82857142857143,True,True,True,False,True,7.0,False,False
RL,41.47692307692307,True,False,True,False,False,7.0,False,False
RLI,35.54722222222222,True,True,False,False,True,2.0,False,False
RMAX,54.02896825396826,True,False,False,False,True,0.0,False,True
RMBS,47.10992063492064,True,False,True,False,True,0.0,False,False
RMD,82.69761904761906,True,True,True,False,True,10.0,False,False
RNR,55.99285714285715,True,False,True,False,True,10.0,False,False
RNST,28.730357142857144,True,False,False,False,True,1.0,False,False
ROCK,49.548809523809524,True,True,False,False,False,2.0,False,False
ROG,17.925,True,False,True,False,True,1.0,False,False
ROIC,65.84285714285714,True,False,False,False,False,15.0,False,False
ROK,75.63571428571429,True,False,False,False,True,6.0,False,False
ROL,55.74615384615385,True,True,False,False,True,1.0,False,False
ROP,55.452380952380956,True,False,True,False,True,6.0,False,False
ROST,,False,False,False,False,True,7.0,False,False
RPM,17.9625,True,False,False,False,True,6.0,False,False
RRC,53.3,True,False,False,False,True,1.0,False,False
RRX,81.46190476190476,True,False,True,False,False,5.0,False,False
RS,47.12857142857143,True,True,False,False,True,1.0,False,False
RSG,55.11071428571429,True,False,False,True,True,3.0,False,False
RTX,56.332142857142856,True,True,False,False,True,1.0,False,False
RUN,54.292857142857144,True,False,False,False,True,3.0,False,False
RUTH,43.17857142857143,True,False,True,False,True,2.0,False,False
RVTY,40.93055555555556,True,True,False,False,True,0.0,False,False
RWT,47.26547619047619,True,False,True,False,True,6.0,False,False
RXO,36.625,True,False,False,False,False,2.0,False,False
RYAM,49.24107142857142,True,False,True,False,True,2.0,False,False
RYN,54.19107142857142,True,True,True,False,True,1.0,False,False
SABR,66.54285714285714,True,False,True,False,True,1.0,False,False
SAFE,93.25,True,False,True,False,True,23.0,False,False
SAFT,35.44444444444444,False,True,False,False,True,1.0,False,False
SAH,,False,False,False,False,True,4.0,False,False
SAIA,63.30535714285715,True,False,True,False,True,4.0,False,False
SAIC,71.52777777777777,True,True,False,False,False,1.0,False,False
SAM,32.3625,True,False,False,False,False,2.0,False,False
SANM,40.87261904761905,True,True,True,False,True,1.0,False,False
SBAC,34.4470695970696,True,True,True,False,True,0.0,False,False
SBCF,44.901666666666664,True,True,True,False,True,2.0,False,False
SBH,51.609523809523814,True,False,True,False,True,3.0,False,False
SBRA,77.81071428571428,True,True,False,False,False,14.0,False,False
SBSI,38.330555555555556,True,True,False,False,True,8.0,False,False
SBUX,66.82751322751324,True,True,True,False,False,1.0,False,False
SCHL,60.00714285714285,True,False,False,True,True,3.0,False,False
SCHW,62.400000000000006,True,False,True,False,False,5.0,False,True
SCI,52.00192307692308,True,True,False,False,True,3.0,False,False
SCL,52.042857142857144,True,False,True,False,True,2.0,False,False
SCSC,24.90833333333333,True,False,False,False,True,12.0,False,False
SCVL,60.222023809523805,True,False,True,False,True,3.0,False,False
SDGR,65.10714285714286,False,False,False,True,False,4.0,False,False
SEDG,15.14375,True,False,False,False,True,1.0,False,False
SEE,77.02142857142857,True,True,False,False,True,1.0,False,True
SEIC,30.450000000000003,True,False,False,False,True,2.0,False,False
SEM,52.37321428571428,True,False,False,True,True,1.0,False,False
SENEA,35.92857142857143,True,False,False,False,True,4.0,False,False
SF,40.721428571428575,True,True,False,False,False,10.0,False,False
SFBS,59.150000000000006,True,False,True,False,False,5.0,False,False
SFM,38.330555555555556,True,True,False,False,True,1.0,False,True
SFNC,33.88214285714286,True,True,False,False,True,1.0,False,False
SGH,54.725,True,True,False,False,True,0.0,False,True
SHAK,76.33571428571429,True,False,False,False,False,9.0,False,False
SHC,51.980555555555554,True,False,True,False,False,4.0,False,False
SHEN,27.944444444444443,True,False,True,False,False,28.0,False,False
SHO,61.214285714285715,True,False,True,False,True,2.0,False,False
SHOO,35.65,True,False,False,False,True,16.0,False,False
SHW,22.59583333333333,True,False,True,False,True,0.0,False,False
SIG,61.85674603174603,True,False,True,False,True,7.0,False,False
SIGI,73.98148148148148,True,True,False,False,True,2.0,False,False
SITC,63.315873015873024,True,True,False,False,False,7.0,False,False
SITM,29.85,True,False,True,False,False,5.0,False,False
SIX,57.292857142857144,True,True,True,False,True,3.0,False,False
SJM,51.609523809523814,True,False,True,False,True,0.0,False,True
SJW,61.2734126984127,True,False,True,False,False,6.0,False,False
SKT,47.839285714285715,True,False,False,False,True,3.0,False,False
SKX,,False,False,False,False,False,25.0,False,False
SKYW,22.100000000000005,True,True,False,False,True,8.0,False,False
SLAB,79.7456043956044,True,False,False,False,True,2.0,False,False
SLB,30.458333333333336,True,True,False,False,True,5.0,False,False
SLCA,44.17857142857143,True,False,False,False,False,4.0,False,False
SLG,58.867063492063494,True,True,False,False,True,12.0,False,False
SLGN,,False,False,False,False,True,10.0,False,True
SLM,73.30714285714285,True,False,True,False,False,4.0,False,False
SLP,60.16071428571429,True,False,False,False,False,6.0,False,False
SLVM,30.603703703703705,True,True,True,False,False,3.0,False,False
SM,83.7,True,False,False,False,False,3.0,False,False
SMCI,42.155952380952385,True,True,False,False,False,4.0,False,False
SMG,58.80446428571429,True,True,False,False,True,18.0,False,False
SMP,72.13333333333334,True,True,True,False,True,1.0,False,False
SMPL,56.517857142857146,True,False,False,False,False,0.0,False,False
SMTC,53.11666666666667,True,False,False,False,False,1.0,False,False
SNA,58.599450549450545,True,True,True,False,True,15.0,False,False
SNBR,67.0,True,False,False,False,True,2.0,False,False
SNCY,63.426923076923075,True,False,True,False,False,3.0,False,False
SNEX,,False,False,False,False,False,0.0,False,True
SNPS,50.38055555555556,False,True,False,True,True,10.0,False,True
SNV,32.74464285714286,True,False,True,False,True,1.0,False,False
SNX,52.81111111111111,True,False,False,False,False,0.0,False,True
SO,51.11142857142857,True,True,False,False,True,0.0,False,False
SON,40.16346153846153,True,True,False,False,True,4.0,False,False
SONO,30.450000000000003,True,False,False,False,False,6.0,False,False
SPG,27.69375,True,True,False,False,False,3.0,False,True
SPGI,67.44285714285715,True,False,True,False,True,11.0,False,False
SPNT,24.1875,True,True,True,False,False,2.0,False,False
SPSC,47.86071428571429,True,False,True,False,False,1.0,False,False
SPTN,42.371428571428574,True,False,True,False,False,4.0,False,False
SPWR,71.56428571428572,True,False,True,False,False,3.0,False,False
SPXC,39.638888888888886,True,False,True,False,True,9.0,False,False
SR,49.48783068783069,True,False,False,False,True,1.0,False,False
SRCL,30.450000000000003,True,False,False,False,True,5.0,False,False
SRDX,76.28214285714286,True,False,True,False,True,0.0,False,False
SRE,32.24131054131055,True,True,False,True,True,0.0,False,False
SSB,,False,False,False,False,False,4.0,False,False
SSD,35.002182539682536,True,True,True,False,True,1.0,False,False
SSP,63.20952380952381,True,True,False,False,True,1.0,False,False
SSTK,33.237500000000004,True,False,True,False,True,2.0,False,False
ST,28.959523809523812,True,True,False,False,True,4.0,False,False
STAA,30.450000000000003,True,False,False,False,True,1.0,False,False
STAG,30.450000000000003,True,True,False,False,True,2.0,False,False
STBA,86.33571428571429,True,False,False,False,True,0.0,False,False
STC,61.05909645909646,True,False,True,True,True,11.0,False,True
STE,30.450000000000003,True,False,True,False,False,2.0,False,False
STEL,33.95,True,False,False,False,False,2.0,False,False
STLD,44.05555555555556,True,False,False,False,True,1.0,False,False
STRA,56.332142857142856,True,False,True,False,True,11.0,False,False
STT,65.35666666666667,True,False,True,False,True,2.0,False,False
STWD,81.28928571428571,True,False,True,False,False,15.0,False,False
STX,68.81428571428572,False,False,False,True,True,7.0,False,False
STZ,90.17857142857143,True,False,True,False,True,5.0,False,False
SUPN,61.44285714285714,True,False,True,False,False,12.0,False,False
SVC,30.450000000000003,False,True,False,False,True,4.0,False,False
SWAV,58.36785714285715,True,False,True,False,False,5.0,False,False
SWK,27.88055555555556,True,True,False,False,True,2.0,False,False
SWKS,61.21785714285714,True,False,True,False,True,3.0,False,False
SWN,59.17142857142858,True,True,True,False,True,8.0,False,False
SWX,59.66071428571429,True,False,False,True,True,2.0,False,False
SXC,52.717857142857135,True,False,True,False,False,1.0,False,False
SXI,94.35000000000001,True,True,False,False,False,8.0,False,False
SXT,89.92857142857144,True,False,True,False,True,8.0,False,False
SYF,60.035714285714285,True,False,False,False,True,3.0,False,False
SYK,62.4547619047619,True,True,True,False,True,3.0,False,False
SYNA,68.81428571428572,True,True,True,False,False,5.0,False,False
SYY,30.450000000000003,True,False,False,False,False,4.0,False,False
T,66.51626984126983,True,False,True,False,True,4.0,False,False
TALO,32.48571428571429,True,False,True,False,False,6.0,False,False
TAP,24.522222222222226,True,True,False,False,True,5.0,False,False
TBBK,73.13095238095238,True,True,True,False,False,8.0,False,False
TBI,70.11626984126984,True,False,False,False,True,1.0,False,False
TCBI,59.88247863247863,True,False,True,False,False,3.0,False,False
TDC,46.301785714285714,True,True,True,False,True,1.0,False,False
TDG,69.93333333333334,True,True,False,True,True,6.0,False,False
TDS,94.02142857142857,True,False,True,False,True,26.0,False,False
TDY,47.050000000000004,True,True,False,True,True,0.0,False,False
TECH,34.8,True,False,False,False,True,0.0,False,False
TEL,33.05,True,True,False,False,True,7.0,False,False
TER,86.33571428571429,True,False,False,False,True,1.0,False,False
TEX,44.05555555555556,True,False,True,False,True,0.0,False,False
TFC,53.03333333333333,True,False,True,False,True,1.0,False,False
TFIN,31.521428571428572,True,False,False,True,False,10.0,False,False
TFX,,False,False,False,False,True,4.0,False,False
TG,37.96805555555555,True,False,True,False,True,5.0,False,False
TGI,47.69153846153846,True,True,False,False,False,4.0,False,False
TGNA,44.400000000000006,True,False,False,False,True,7.0,False,False
TGT,58.635714285714286,True,False,False,False,False,10.0,False,False
THC,82.59642857142858,True,False,False,False,True,2.0,False,False
THG,39.105555555555554,True,False,False,False,True,7.0,False,False
THO,42.823214285714286,True,False,False,False,True,1.0,False,False
THRM,49.332142857142856,True,False,False,False,False,7.0,False,False
THRY,,False,False,False,False,False,1.0,False,False
THS,30.450000000000003,True,False,False,False,True,1.0,False,False
TILE,16.883333333333336,True,False,False,False,False,2.0,False,False
TJX,34.875,True,False,False,False,True,8.0,False,False
TKO,66.52857142857142,True,False,False,False,True,1.0,False,True
TKR,48.767857142857146,True,False,True,False,True,10.0,False,False
TMHC,,False,False,False,False,False,7.0,False,False
TMO,70.27460317460317,True,False,True,False,True,4.0,False,False
TMP,46.21111111111111,True,False,False,False,True,17.0,False,False
TMUS,86.33571428571429,True,False,False,False,True,4.0,False,False
TNC,42.198214285714286,True,False,True,False,True,3.0,False,False
TNDM,61.137362637362635,True,False,True,False,True,5.0,False,False
TNL,30.450000000000003,True,False,False,False,False,6.0,False,False
TOL,47.13035714285714,True,False,False,True,True,8.0,False,False
TPH,52.64642857142857,True,False,True,False,False,11.0,False,False
TPR,39.105555555555554,True,False,False,False,True,1.0,False,False
TPX,35.7037037037037,True,True,False,False,True,9.0,False,False
TR,48.99494047619048,True,False,False,False,True,9.0,False,False
TREE,48.273809523809526,True,False,True,False,False,16.0,False,False
TREX,44.667857142857144,True,False,True,False,True,4.0,False,False
TRGP,52.00192307692308,True,True,False,False,True,4.0,False,False
TRIP,60.80952380952382,True,True,True,False,False,0.0,False,False
TRMB,62.37321428571428,True,False,True,False,True,4.0,False,False
TRMK,31.53888888888889,True,True,False,False,True,3.0,False,False
TRN,35.371428571428574,True,False,False,False,True,4.0,False,False
TROW,53.44107142857143,True,False,True,False,True,2.0,False,False
TRST,30.450000000000003,False,True,False,False,True,0.0,False,False
TRUP,30.450000000000003,False,True,False,False,False,2.0,False,False
TRV,86.53214285714286,True,False,False,True,True,2.0,False,False
TSCO,35.23888888888889,True,False,True,False,False,4.0,False,False
TSE,84.08095238095238,True,True,True,False,False,5.0,False,False
TSLA,72.18714285714286,True,False,False,False,False,6.0,False,False
TSN,52.964285714285715,True,False,False,False,False,2.0,False,True
TT,56.045634920634924,True,False,True,False,True,2.0,False,False
TTC,53.93928571428572,True,False,True,False,True,7.0,False,False
TTEC,,False,False,False,False,True,2.0,False,False
TTEK,78.98571428571428,True,False,False,False,True,3.0,False,False
TTGT,39.5,True,True,False,False,True,8.0,False,False
TTMI,88.05714285714286,True,False,True,False,True,10.0,False,False
TTWO,78.19021164021164,True,False,True,True,True,13.0,False,False
TWI,31.66190476190476,True,True,True,False,True,7.0,False,False
TWNK,24.45681818181818,True,False,True,False,True,5.0,False,False
TWO,88.83809523809525,True,True,False,True,True,4.0,False,False
TXN,55.3195054945055,True,True,True,False,True,1.0,False,False
TXRH,,False,False,False,False,True,1.0,False,False
TXT,58.35,True,False,False,False,True,14.0,False,False
TYL,32.861111111111114,True,False,False,False,False,2.0,False,True
UAA,36.73611111111111,True,False,True,False,False,1.0,False,False
UAL,43.61964285714286,True,True,False,False,True,4.0,False,False
UBA,16.2,True,False,False,False,True,9.0,False,False
UBSI,28.008333333333336,True,False,False,False,True,2.0,False,False
UCBI,63.67910125588697,True,False,False,False,True,1.0,False,False
UCTT,68.81428571428572,True,False,False,False,True,0.0,False,False
UDR,33.22083333333333,True,True,False,False,False,5.0,False,False
UE,59.25,True,True,False,False,False,9.0,False,False
UEIC,86.33571428571429,True,False,True,False,True,0.0,False,False
UFCS,35.65,True,False,False,False,False,2.0,False,False
UFPI,25.205357142857146,True,True,False,False,True,12.0,False,False
UFPT,64.63571428571429,True,True,False,False,True,0.0,False,False
UGI,16.2,True,False,False,False,True,0.0,False,False
UHS,64.15535714285714,True,False,True,False,True,3.0,False,False
UHT,65.2220238095238,True,False,True,False,False,13.0,False,False
UIS,61.162301587301585,True,False,False,True,False,2.0,False,False
ULTA,17.1875,True,False,True,False,True,3.0,False,False
UMBF,17.925,True,False,False,False,True,20.0,False,False
UNF,43.15357142857143,True,True,False,False,True,6.0,False,False
UNFI,27.944444444444443,True,False,False,False,False,2.0,False,False
UNH,54.69642857142857,True,False,False,False,True,3.0,False,False
UNIT,51.95952380952381,True,True,True,False,False,9.0,False,False
UNM,57.550000000000004,True,False,False,False,True,9.0,False,False
UNP,37.612500000000004,True,False,False,False,True,1.0,False,False
UNVR,27.466666666666665,True,False,False,False,True,5.0,False,False
UPBD,,False,False,False,False,True,6.0,False,False
UPS,39.29375,True,False,True,False,True,4.0,False,False
URBN,31.005555555555556,True,False,False,False,True,8.0,False,False
URI,38.63333333333333,True,False,False,False,True,5.0,False,False
USB,66.47142857142858,True,False,True,False,True,6.0,False,False
USFD,16.45,True,False,False,False,False,1.0,False,False
USNA,30.450000000000003,True,True,False,False,True,1.0,False,True
USPH,73.55384615384615,True,False,False,False,True,3.0,False,False
UTHR,72.94821428571429,True,False,True,True,False,1.0,False,True
UTL,47.32857142857143,True,False,False,False,True,1.0,False,False
UVE,,False,False,False,False,True,5.0,False,False
UVV,37.90793650793651,True,False,False,True,True,16.0,False,False
V,56.517857142857146,True,False,False,False,True,1.0,False,False
VAC,30.450000000000003,True,True,False,False,True,1.0,False,False
VAL,45.822857142857146,True,False,True,True,False,0.0,False,False
VBTX,46.21111111111111,True,False,False,False,False,10.0,False,False
VC,24.88125,True,True,False,False,False,9.0,False,False
VCEL,64.21269841269842,True,False,False,True,False,11.0,False,False
VECO,86.33571428571429,True,True,False,True,True,6.0,False,False
VFC,64.83571428571429,True,False,True,False,False,1.0,False,False
VGR,23.200000000000003,True,True,False,False,True,18.0,False,False
VIAV,80.82142857142857,True,False,True,False,False,8.0,False,False
VICI,35.65,True,False,False,False,False,6.0,False,False
VICR,33.0,False,True,False,True,False,43.0,False,False
VIR,58.05063492063492,True,True,True,True,False,1.0,False,False
VLO,45.96666666666667,True,False,True,False,True,1.0,False,False
VLY,24.637500000000003,True,True,True,False,True,1.0,False,False
VMC,73.2357142857143,True,True,False,False,True,1.0,False,False
VMI,32.00555555555556,True,True,False,False,True,1.0,False,False
VNDA,22.866666666666664,False,False,False,False,False,3.0,False,False
VNO,54.86714285714285,True,False,True,False,True,4.0,False,False
VNT,72.42380952380952,True,False,True,False,False,4.0,False,False
VOYA,23.325000000000003,True,False,True,False,True,1.0,False,False
VRE,42.63739316239316,True,True,False,False,True,3.0,False,False
VREX,48.714087301587305,True,True,True,False,False,7.0,False,False
VRRM,30.985714285714288,True,False,True,False,False,6.0,False,False
VRSK,86.33571428571429,True,False,False,False,True,1.0,False,False
VRSN,,False,False,False,False,True,4.0,False,False
VRTS,61.58571428571429,True,False,False,False,False,3.0,False,False
VRTV,58.92619047619048,True,False,True,False,True,3.0,False,False
VRTX,32.03333333333333,True,False,False,False,False,1.0,False,False
VSAT,28.0,True,False,False,False,True,2.0,False,False
VSCO,,False,False,False,False,False,3.0,False,False
VSH,38.21111111111111,True,False,False,False,True,1.0,False,False
VST,34.858333333333334,True,True,True,False,True,2.0,False,False
VSTO,51.62678571428572,True,True,True,False,True,0.0,False,False
VTLE,61.3,True,False,False,False,True,5.0,False,False
VTOL,58.542857142857144,True,False,False,False,True,0.0,False,False
VTR,72.87678571428572,True,False,False,True,False,14.0,False,False
VTRS,40.95740740740741,True,False,False,False,True,1.0,False,False
VVI,47.864285714285714,True,False,True,False,True,10.0,False,False
VVV,62.23571428571429,True,False,True,False,True,1.0,False,False
VYX,38.02222222222222,True,False,True,False,True,1.0,False,False
VZ,17.9625,True,False,False,False,False,2.0,False,True
WAB,38.2,True,False,False,False,False,5.0,False,False
WABC,,False,False,False,False,True,35.0,False,False
WAFD,40.13333333333333,True,False,False,False,True,0.0,False,False
WAT,68.32857142857142,True,False,False,True,False,4.0,False,False
WBA,61.92738095238095,True,False,True,False,True,0.0,False,False
WBD,89.77857142857144,True,False,False,False,True,0.0,False,False
WBS,50.69285714285714,True,False,True,True,True,0.0,False,False
WCC,37.089423076923076,True,False,True,False,True,13.0,False,False
WD,55.11071428571429,True,False,True,False,False,9.0,False,False
WDC,68.55873015873016,True,True,True,False,False,4.0,False,False
WDFC,27.466666666666665,True,False,False,False,True,2.0,False,False
WEC,48.725,True,True,False,False,True,2.0,False,False
WELL,55.900396825396825,True,False,True,False,True,1.0,False,False
WEN,51.58571428571429,True,False,False,False,False,0.0,False,False
WERN,92.47857142857143,True,False,False,False,True,0.0,False,False
WEX,36.02222222222222,True,False,False,False,False,3.0,False,False
WFC,81.72857142857143,True,False,True,False,False,5.0,False,False
WFRD,51.787830687830684,True,True,True,False,False,3.0,False,False
WGO,42.65922619047619,True,True,True,False,False,8.0,False,False
WH,55.11071428571429,True,False,True,False,False,6.0,False,False
WHR,37.666666666666664,True,False,True,True,True,3.0,False,False
WING,38.330555555555556,True,True,False,False,True,2.0,False,False
WIRE,,False,False,False,False,True,10.0,False,False
WKC,30.450000000000003,True,False,False,False,True,10.0,False,False
WLK,68.41845238095239,True,False,True,False,True,20.0,False,False
WLY,76.33571428571429,True,False,True,False,True,0.0,False,False
WM,32.18333333333334,False,True,False,False,True,0.0,False,False
WMB,38.63333333333333,True,False,False,False,True,13.0,False,False
WMS,,False,False,False,False,True,2.0,False,True
WMT,52.79117063492063,True,False,True,False,True,10.0,False,False
WNC,25.224999999999998,True,True,True,False,True,6.0,False,False
WOLF,46.10059523809523,True,True,True,False,False,2.0,False,False
WOR,50.08839285714285,True,False,True,False,True,4.0,False,False
WPC,77.70238095238095,True,False,False,True,True,3.0,False,True
WRB,75.31666666666666,True,False,False,False,True,9.0,False,False
WRK,65.84285714285714,True,False,False,False,False,3.0,False,False
WRLD,30.279166666666665,True,True,False,False,True,6.0,False,False
WSFS,56.364761904761906,True,True,True,False,True,4.0,False,False
WSM,86.33571428571429,True,False,False,False,True,14.0,False,False
WSO,17.96,True,True,False,False,False,8.0,False,False
WSR,38.330555555555556,True,False,False,False,True,2.0,False,False
WST,24.1875,True,False,True,False,False,2.0,False,False
WT,86.33571428571429,True,False,False,False,False,13.0,False,False
WTFC,68.63571428571429,True,False,True,False,True,1.0,False,False
WTRG,18.270833333333336,True,False,True,False,True,6.0,False,False
WTS,37.22027777777778,True,True,False,False,False,2.0,False,False
WTW,53.85178571428572,True,True,False,False,True,2.0,False,False
WU,88.89761904761906,True,False,True,False,False,3.0,False,False
WW,81.65,True,False,True,False,False,2.0,False,False
WWD,35.88611111111111,True,False,False,True,False,2.0,False,False
WWW,86.33571428571429,True,False,True,False,True,0.0,False,False
WY,64.95803571428571,True,False,False,True,True,5.0,False,False
WYNN,50.18452380952382,True,True,True,False,True,2.0,False,False
X,,False,False,False,False,True,0.0,False,True
XEL,44.52857142857143,True,False,True,False,True,3.0,False,False
XHR,61.964285714285715,True,False,False,False,False,7.0,False,False
XNCR,89.66904761904762,True,True,False,True,False,11.0,False,False
XOM,67.19285714285715,True,False,True,False,True,7.0,False,False
XPEL,73.55384615384615,True,False,False,False,True,5.0,False,False
XPER,39.5,True,True,False,False,False,2.0,False,False
XPO,65.15714285714286,True,True,False,False,True,2.0,False,False
XRAY,58.589285714285715,True,False,True,False,True,0.0,False,False
XRX,52.32678571428571,True,True,False,False,True,2.0,False,False
XYL,59.150000000000006,True,False,True,False,True,0.0,False,False
YELP,83.89642857142857,True,False,False,False,False,12.0,False,False
YETI,43.48392857142858,True,False,True,False,False,6.0,False,False
YUM,84.66785714285714,True,False,True,False,True,4.0,False,False
ZBH,53.25127987092272,True,True,True,False,True,1.0,False,False
ZBRA,33.75555555555556,True,False,True,False,True,1.0,False,False
ZD,57.550000000000004,True,False,False,False,False,3.0,False,False
ZEUS,38.330555555555556,True,False,False,False,False,0.0,False,False
ZI,31.78240740740741,True,False,False,True,False,4.0,False,False
ZIMV,57.300000000000004,True,False,False,False,False,2.0,False,False
ZION,72.80357142857143,True,False,True,False,True,10.0,False,False
ZTS,71.16071428571428,True,False,True,False,True,4.0,False,False
ZUMZ,17.925,True,False,False,False,True,16.0,False,False
ZYXI,36.266666666666666,True,False,True,False,False,5.0,False,False
